Country Name,Country Code,Series Name,Series Code,2000 [YR2000],2001 [YR2001],2002 [YR2002],2003 [YR2003],2004 [YR2004],2005 [YR2005],2006 [YR2006],2007 [YR2007],2008 [YR2008],2009 [YR2009],2010 [YR2010],2011 [YR2011],2012 [YR2012],2013 [YR2013],2014 [YR2014],2015 [YR2015],2016 [YR2016],2017 [YR2017],2018 [YR2018],2019 [YR2019],2020 [YR2020]
Brunei Darussalam,BRN,"Life expectancy at birth, female (years)",SP.DYN.LE00.FE.IN,76.386,76.569,76.708,76.823,76.912,76.976,77.03,77.06,77.08,77.087,77.082,77.097,77.092,77.107,77.107,77.124,77.145,77.181,77.23,77.286,77.35
Brunei Darussalam,BRN,"Life expectancy at birth, male (years)",SP.DYN.LE00.MA.IN,72.066,72.248,72.402,72.553,72.641,72.723,72.799,72.841,72.868,72.867,72.876,72.881,72.884,72.887,72.896,72.911,72.935,72.969,73.014,73.068,73.128
Brunei Darussalam,BRN,"Life expectancy at birth, total (years)",SP.DYN.LE00.IN,74.017,74.209,74.365,74.509,74.603,74.683,74.753,74.793,74.814,74.814,74.82,74.835,74.843,74.854,74.862,74.88,74.905,74.943,74.992,75.049,75.114
Brunei Darussalam,BRN,"Mortality caused by road traffic injury (per 100,000 population)",SH.STA.TRAF.P5,15.9,19.4,15,8.8,12.5,14.4,12.7,17.6,10.5,11.5,7.7,12.2,9,9.6,8.5,8.9,9.1,8.1,7.8,7.5,..
Brunei Darussalam,BRN,"Mortality from CVD, cancer, diabetes or CRD between exact ages 30 and 70 (%)",SH.DYN.NCOM.ZS,18.9,18.7,18.5,18.5,17.8,17.9,17.9,17.6,17.4,16.4,16.1,15.4,15.2,15.1,15.1,15.1,15.1,15.3,15.4,15.2,15.2
Brunei Darussalam,BRN,"Mortality from CVD, cancer, diabetes or CRD between exact ages 30 and 70, male (%)",SH.DYN.NCOM.MA.ZS,20.6,20,19.8,20,19.3,19.5,19.5,19,18.9,17.9,17.4,17,16.9,17,16.8,16.7,16.7,16.8,16.9,16.7,17
Brunei Darussalam,BRN,"Mortality from CVD, cancer, diabetes or CRD between exact ages 30 and 70, female (%)",SH.DYN.NCOM.FE.ZS,17.2,17.4,17.2,17,16.2,16.2,16.2,16.1,15.8,14.8,14.5,13.7,13.4,13.1,13.3,13.4,13.5,13.6,13.7,13.5,13.4
Brunei Darussalam,BRN,"Mortality rate, under-5 (per 1,000 live births)",SH.DYN.MORT,10.3,10,9.8,9.6,9.5,9.5,9.5,9.5,9.6,9.6,9.7,9.8,9.9,9.9,10,10,10,10,9.9,9.8,9.7
Brunei Darussalam,BRN,"Mortality rate, infant (per 1,000 live births)",SP.DYN.IMRT.IN,8.3,8.1,8,7.9,7.8,7.8,7.8,7.9,8,8,8.1,8.2,8.3,8.4,8.5,8.5,8.6,8.6,8.6,8.5,8.5
Brunei Darussalam,BRN,"Mortality rate, adult, female (per 1,000 female adults)",SP.DYN.AMRT.FE,110.828,108.814,107.288,106.04,105.076,104.355,103.723,103.287,102.923,102.651,102.465,102.094,101.906,101.545,101.321,100.941,100.497,99.88,99.117,98.257,97.309
Brunei Darussalam,BRN,"Mortality rate, adult, male (per 1,000 male adults)",SP.DYN.AMRT.MA,158.544,156.001,153.828,151.684,150.325,149.026,147.811,147.01,146.407,146.159,145.813,145.529,145.291,145.06,144.783,144.419,143.941,143.31,142.533,141.614,140.616
Brunei Darussalam,BRN,"Current health expenditure per capita, PPP (current international $)",SH.XPD.CHEX.PP.CD,1884.51703482289,1925.05236179742,1991.077900691,2100.9766785493,2076.44796088951,1823.7772701911,1650.88440381679,1641.69060450888,1511.95068086429,1862.31851716561,1812.21083587952,1542.29822971987,1615.06625920564,1580.11756771293,1554.98330602572,1496.89287932291,1444.38203713228,1399.79723457009,1574.03252064601,1547.28693124019,1712.27116549579
Brunei Darussalam,BRN,Current health expenditure (% of GDP),SH.XPD.CHEX.GD.ZS,2.5479064,2.5465107,2.53447938,2.60260582,2.55193377,2.23386168,1.9072516,1.94145441,1.87612021,2.39306617,2.27826095,1.86409724,1.85097206,1.898314,1.91436803,2.38708901,2.54828691,2.27022862,2.41600895,2.23100758,2.45359564
Brunei Darussalam,BRN,Domestic general government health expenditure (% of general government expenditure),SH.XPD.GHED.GE.ZS,5.72010231,5.97160959,5.1140027,6.98940802,6.39551544,6.43293381,5.81376076,5.77389574,6.20709467,6.21688652,5.77683496,5.74302435,5.44353485,5.12074184,5.20392704,5.86489248,6.15329981,5.87075901,7.14021063,6.48993301,6.94822884
Brunei Darussalam,BRN,"Incidence of HIV, all (per 1,000 uninfected population)",SH.HIV.INCD.TL.P3,..,..,..,..,..,..,..,..,..,..,..,..,..,..,..,..,..,..,..,..,..
Brunei Darussalam,BRN,"Immunization, DPT (% of children ages 12-23 months)",SH.IMM.IDPT,99,97,94,92,92,94,97,99,98,99,95,97,95,99,99,99,99,99,99,99,99
Brunei Darussalam,BRN,"Incidence of HIV, ages 15-49 (per 1,000 uninfected population ages 15-49)",SH.HIV.INCD.ZS,..,..,..,..,..,..,..,..,..,..,..,..,..,..,..,..,..,..,..,..,..
Brunei Darussalam,BRN,"Incidence of HIV, ages 15-24 (per 1,000 uninfected population ages 15-24)",SH.HIV.INCD.YG.P3,..,..,..,..,..,..,..,..,..,..,..,..,..,..,..,..,..,..,..,..,..
Brunei Darussalam,BRN,"Immunization, HepB3 (% of one-year-old children)",SH.IMM.HEPB,99,99,99,99,99,99,99,97,96,96,96,93,99,98,99,99,99,99,99,99,99
Brunei Darussalam,BRN,"Immunization, measles (% of children ages 12-23 months)",SH.IMM.MEAS,99,99,99,98,99,98,97,97,99,99,94,91,95,96,97,96,98,97,99,97,99
Brunei Darussalam,BRN,"Incidence of malaria (per 1,000 population at risk)",SH.MLR.INCD.P3,..,..,..,..,..,..,..,..,..,..,..,..,..,..,..,..,..,..,..,..,..
Brunei Darussalam,BRN,"Incidence of tuberculosis (per 100,000 people)",SH.TBS.INCD,231,146,140,116,94,77,91,90,92,84,90,84,86,73,66,69,75,71,75,71,90
Brunei Darussalam,BRN,"Total alcohol consumption per capita (liters of pure alcohol, projected estimates, 15+ years of age)",SH.ALC.PCAP.LI,0.21,0.21,0.15,0.072,0.069,0.18,0.32,0.43,0.35,0.23,0.28,0.42,0.51,0.47,0.41,0.41,0.41,0.41,0.41,0.41,0.51
Brunei Darussalam,BRN,"Total alcohol consumption per capita, female (liters of pure alcohol, projected estimates, female 15+ years of age)",SH.ALC.PCAP.FE.LI,0.077,0.077,0.055,0.026,0.025,0.065,0.12,0.16,0.13,0.085,0.1,0.16,0.19,0.17,0.15,0.14,0.14,0.14,0.14,0.14,0.17
Brunei Darussalam,BRN,"Total alcohol consumption per capita, male (liters of pure alcohol, projected estimates, male 15+ years of age)",SH.ALC.PCAP.MA.LI,0.33,0.33,0.24,0.11,0.11,0.28,0.51,0.67,0.55,0.37,0.45,0.67,0.81,0.74,0.66,0.66,0.67,0.67,0.66,0.66,0.82
Brunei Darussalam,BRN,"Probability of dying among adolescents ages 10-14 years (per 1,000)",SH.DYN.1014,1.4,1.4,1.4,1.3,1.3,1.3,1.2,1.2,1.2,1.2,1.2,1.1,1.1,1.1,1.1,1.1,1,1,1,1,1
Brunei Darussalam,BRN,"Probability of dying among adolescents ages 15-19 years (per 1,000)",SH.DYN.1519,3.2,3,2.7,2.6,2.4,2.3,2.2,2.1,2,1.9,1.9,1.8,1.7,1.7,1.6,1.5,1.5,1.5,1.5,1.5,1.5
Brunei Darussalam,BRN,"Probability of dying among children ages 5-9 years (per 1,000)",SH.DYN.0509,1.5,1.4,1.4,1.4,1.4,1.3,1.3,1.3,1.2,1.2,1.2,1.2,1.2,1.1,1.1,1.1,1.1,1.1,1,1,1
Brunei Darussalam,BRN,"Probability of dying among youth ages 20-24 years (per 1,000)",SH.DYN.2024,4.2,3.9,3.7,3.6,3.4,3.3,3.2,3.2,3.1,3,3,2.9,2.9,2.8,2.7,2.6,2.6,2.5,2.5,2.5,2.6
Brunei Darussalam,BRN,"Survival to age 65, male (% of cohort)",SP.DYN.TO65.MA.ZS,75.338326,75.700849,76.009338,76.310912,76.497436,76.672616,76.83375,76.933986,77.005241,77.025365,77.060073,77.086378,77.107525,77.128804,77.15787,77.200143,77.259032,77.339257,77.439843,77.560202,77.692223
Brunei Darussalam,BRN,"Survival to age 65, female (% of cohort)",SP.DYN.TO65.FE.ZS,82.900396,83.186537,83.404322,83.582949,83.720561,83.822197,83.90902,83.965388,84.00907,84.037376,84.052021,84.092634,84.10721,84.147039,84.167661,84.211008,84.263163,84.339309,84.435697,84.545257,84.667443
Brunei Darussalam,BRN,"Prevalence of HIV, total (% of population ages 15-49)",SH.DYN.AIDS.ZS,..,..,..,..,..,..,..,..,..,..,..,..,..,..,..,..,..,..,..,..,..
Brunei Darussalam,BRN,"Prevalence of HIV, male (% ages 15-24)",SH.HIV.1524.MA.ZS,..,..,..,..,..,..,..,..,..,..,..,..,..,..,..,..,..,..,..,..,..
Brunei Darussalam,BRN,"Prevalence of HIV, female (% ages 15-24)",SH.HIV.1524.FE.ZS,..,..,..,..,..,..,..,..,..,..,..,..,..,..,..,..,..,..,..,..,..
Brunei Darussalam,BRN,"Compulsory education, duration (years)",SE.COM.DURS,..,..,..,..,..,..,..,9,9,9,9,9,9,9,9,9,9,9,9,9,9
Brunei Darussalam,BRN,GDP growth (annual %),NY.GDP.MKTP.KD.ZG,3.47467627672586,1.4660608198711,3.9614389000248,3.58342909978997,0.104538372603315,-0.00392531660746442,4.09841257308588,-3.76362326254647,-3.90071101715114,-1.90025367202547,2.74136439456163,3.74440625524871,0.913135189664487,-2.12478292664558,-2.50788727590711,-0.392383749502031,-2.47791771833224,1.32872661057823,0.0523710418528935,3.86884436177075,1.1335733495246
Brunei Darussalam,BRN,GDP (current US$),NY.GDP.MKTP.CD,6570999087.56742,6096155767.38145,6333082875.56937,7167725261.92713,8619178773.51458,10547202620.5286,12644616418.691,13432029484.4012,15926456515.0049,11912904509.8582,13707121038.4383,18524791062.657,19048443340.7732,18094148098.6536,17097797386.0336,12930296870.1247,11400266044.6651,12128168045.1245,13566908391.0895,13469235364.7032,12005799653.9835
Cambodia,KHM,"Life expectancy at birth, female (years)",SP.DYN.LE00.FE.IN,61.465,62.478,63.558,64.549,65.334,66.101,66.869,67.497,68.114,68.774,69.364,69.972,70.554,71.014,71.404,71.717,71.981,72.198,72.389,72.561,72.657
Cambodia,KHM,"Life expectancy at birth, male (years)",SP.DYN.LE00.MA.IN,57.296,58.214,59.007,59.919,60.961,61.911,62.692,63.395,63.974,64.516,65.056,65.568,65.993,66.302,66.641,66.893,67.109,67.311,67.427,67.526,67.296
Cambodia,KHM,"Life expectancy at birth, total (years)",SP.DYN.LE00.IN,59.491,60.457,61.395,62.345,63.256,64.113,64.886,65.549,66.147,66.747,67.311,67.869,68.371,68.755,69.117,69.398,69.635,69.842,69.993,70.127,70.059
Cambodia,KHM,"Mortality caused by road traffic injury (per 100,000 population)",SH.STA.TRAF.P5,17.9,17.6,17.7,17.6,17.6,17.9,17.9,17.4,17.7,17.9,18.1,18,17,17.1,17.3,17.4,17.8,18.4,19,19.6,..
Cambodia,KHM,"Mortality from CVD, cancer, diabetes or CRD between exact ages 30 and 70 (%)",SH.DYN.NCOM.ZS,28.1,27.6,26.6,26.1,25.9,25.6,25.1,25,24.7,24.5,24.4,24.2,24.1,23.8,23.7,23.6,23.5,23.4,23.4,23.3,23.5
Cambodia,KHM,"Mortality from CVD, cancer, diabetes or CRD between exact ages 30 and 70, male (%)",SH.DYN.NCOM.MA.ZS,31.8,31.4,30.2,29.9,29.8,29.7,29.3,29.4,29.2,29.1,29.1,29,28.9,28.6,28.5,28.3,28.2,28.1,28,27.8,28.4
Cambodia,KHM,"Mortality from CVD, cancer, diabetes or CRD between exact ages 30 and 70, female (%)",SH.DYN.NCOM.FE.ZS,25.4,24.8,23.8,23.3,22.9,22.5,22,21.7,21.3,21,20.9,20.6,20.4,20.2,20,20,19.9,19.9,19.8,19.7,19.7
Cambodia,KHM,"Mortality rate, under-5 (per 1,000 live births)",SH.DYN.MORT,105.9,96.5,86.7,78,70.8,64.8,59.8,55.4,51.3,47.4,43.7,40.5,37.7,35.3,33.3,31.6,30.2,28.9,27.7,26.7,25.6
Cambodia,KHM,"Mortality rate, infant (per 1,000 live births)",SP.DYN.IMRT.IN,86.7,79.4,71.8,65,59.3,54.5,50.5,47.1,43.8,40.6,37.7,35.1,32.8,30.8,29.1,27.7,26.5,25.4,24.4,23.5,22.6
Cambodia,KHM,"Mortality rate, adult, female (per 1,000 female adults)",SP.DYN.AMRT.FE,232.108,224.092,215.108,207.343,202.189,196.468,190.149,185.246,180.206,174.061,168.644,162.269,156.674,151.911,148.454,145.696,143.341,141.415,139.806,138.351,137.207
Cambodia,KHM,"Mortality rate, adult, male (per 1,000 male adults)",SP.DYN.AMRT.MA,297.308,289.797,284.418,277.128,266.887,257.558,250.563,244.151,239.507,235.086,230.394,225.549,222.141,219.749,217.013,215.206,213.631,212.064,211.763,211.548,213.963
Cambodia,KHM,"Current health expenditure per capita, PPP (current international $)",SH.XPD.CHEX.PP.CD,81.381385243683,91.7658493677505,99.8117496567393,103.185228018261,114.772945496238,125.346254850558,123.207925944538,113.604049427338,155.411374631286,180.060072048816,168.167075456032,193.529116136681,206.993701445844,194.88348291567,181.505816559127,201.242490733866,213.216076180385,215.603982186791,252.60001008287,311.269698199494,304.866566684615
Cambodia,KHM,Current health expenditure (% of GDP),SH.XPD.CHEX.GD.ZS,6.48126554,6.76028347,6.91952753,6.45762444,6.48521805,6.15001392,5.36440325,4.42702723,5.61296654,6.3089695,5.62713194,6.00443649,5.77632856,5.00863695,4.40784645,4.53898621,4.49053288,4.26933241,4.49707794,5.05801058,5.13031435
Cambodia,KHM,Domestic general government health expenditure (% of general government expenditure),SH.XPD.GHED.GE.ZS,8.59173584,7.83031797,8.29783154,9.43044186,9.90109062,9.89736652,7.41110468,6.7482748,6.6590457,5.96768332,6.51964235,6.21460676,6.33065081,6.79168367,6.16770315,6.94011354,6.84824991,6.99591446,7.52334309,6.99103546,6.89796734
Cambodia,KHM,"Incidence of HIV, all (per 1,000 uninfected population)",SH.HIV.INCD.TL.P3,0.71,0.57,0.5,0.45,0.4,0.35,0.3,0.25,0.22,0.19,0.16,0.14,0.13,0.12,0.12,0.11,0.11,0.1,0.1,0.1,0.1
Cambodia,KHM,"Immunization, DPT (% of children ages 12-23 months)",SH.IMM.IDPT,59,60,54,69,85,82,80,82,91,94,90,91,90,86,90,91,91,90,89,88,86
Cambodia,KHM,"Incidence of HIV, ages 15-49 (per 1,000 uninfected population ages 15-49)",SH.HIV.INCD.ZS,1.2,0.95,0.81,0.71,0.62,0.53,0.45,0.38,0.33,0.28,0.24,0.22,0.21,0.2,0.19,0.19,0.19,0.18,0.18,0.17,0.17
Cambodia,KHM,"Incidence of HIV, ages 15-24 (per 1,000 uninfected population ages 15-24)",SH.HIV.INCD.YG.P3,1.2,0.91,0.8,0.72,0.63,0.54,0.47,0.4,0.35,0.31,0.27,0.26,0.26,0.26,0.26,0.26,0.25,0.25,0.24,0.24,0.24
Cambodia,KHM,"Immunization, HepB3 (% of one-year-old children)",SH.IMM.HEPB,..,..,..,..,..,..,80,82,91,92,91,91,91,86,90,91,91,90,89,88,86
Cambodia,KHM,"Immunization, measles (% of children ages 12-23 months)",SH.IMM.MEAS,65,59,52,65,80,79,78,79,89,92,90,88,84,79,83,85,85,85,86,87,83
Cambodia,KHM,"Incidence of malaria (per 1,000 population at risk)",SH.MLR.INCD.P3,75.47,43.16,38.16,50.07,42.78,40.66,45.14,19.41,21.49,41.97,34.25,35.14,24.46,15.64,21.95,19.69,11.01,17.73,6.05,3.08,0.94
Cambodia,KHM,"Incidence of tuberculosis (per 100,000 people)",SH.TBS.INCD,853,815,773,728,683,640,593,549,509,473,442,416,393,373,355,339,326,313,303,293,285
Cambodia,KHM,"Total alcohol consumption per capita (liters of pure alcohol, projected estimates, 15+ years of age)",SH.ALC.PCAP.LI,1.81,1.81,2.01,2.25,2.54,2.81,3.11,3.28,3.46,4.03,4.71,5.4,5.77,6.13,6.55,7.06,7.61,8.13,8.48,8.48,6.67
Cambodia,KHM,"Total alcohol consumption per capita, female (liters of pure alcohol, projected estimates, female 15+ years of age)",SH.ALC.PCAP.FE.LI,0.7,0.7,0.78,0.87,0.99,1.1,1.22,1.29,1.36,1.59,1.87,2.16,2.31,2.45,2.63,2.84,3.07,3.28,3.43,3.43,2.64
Cambodia,KHM,"Total alcohol consumption per capita, male (liters of pure alcohol, projected estimates, male 15+ years of age)",SH.ALC.PCAP.MA.LI,3,3,3.33,3.71,4.19,4.62,5.11,5.39,5.67,6.6,7.69,8.81,9.41,9.99,10.68,11.5,12.39,13.23,13.8,13.8,10.92
Cambodia,KHM,"Probability of dying among adolescents ages 10-14 years (per 1,000)",SH.DYN.1014,5.2,4.9,4.5,4.2,4,3.7,3.5,3.2,3,2.8,2.6,2.5,2.3,2.2,2,2,1.9,1.8,1.7,1.7,1.6
Cambodia,KHM,"Probability of dying among adolescents ages 15-19 years (per 1,000)",SH.DYN.1519,8.4,7.6,7,6.4,6,5.7,5.4,5.3,5.1,5,5,4.9,4.8,4.8,4.8,4.8,4.9,4.9,5,5,5.1
Cambodia,KHM,"Probability of dying among children ages 5-9 years (per 1,000)",SH.DYN.0509,12.1,11.2,10.3,9.4,8.7,7.9,7.3,6.7,6.1,5.6,5.1,4.7,4.3,3.9,3.7,3.5,3.3,3.1,3,2.9,2.8
Cambodia,KHM,"Probability of dying among youth ages 20-24 years (per 1,000)",SH.DYN.2024,11.5,10.5,9.7,9,8.4,7.9,7.5,7.2,6.9,6.6,6.3,6.1,5.9,5.7,5.5,5.4,5.2,5.1,5,4.9,4.8
Cambodia,KHM,"Survival to age 65, male (% of cohort)",SP.DYN.TO65.MA.ZS,53.453713,54.753928,55.816546,57.112864,58.713752,60.18412,61.360279,62.429067,63.279915,64.080124,64.891862,65.690557,66.320411,66.773237,67.279209,67.642603,67.954919,68.253278,68.39,68.503735,68.008348
Cambodia,KHM,"Survival to age 65, female (% of cohort)",SP.DYN.TO65.FE.ZS,61.401334,62.869689,64.464625,65.910735,67.006979,68.120151,69.269021,70.197607,71.122899,72.156054,73.078533,74.071505,75.003319,75.753412,76.36082,76.845519,77.25644,77.597351,77.890043,78.154101,78.328804
Cambodia,KHM,"Prevalence of HIV, total (% of population ages 15-49)",SH.DYN.AIDS.ZS,1.2,1.1,1.1,1.1,1,1,1,0.9,0.9,0.9,0.9,0.9,0.8,0.8,0.8,0.8,0.7,0.7,0.7,0.6,0.6
Cambodia,KHM,"Prevalence of HIV, male (% ages 15-24)",SH.HIV.1524.MA.ZS,0.5,0.5,0.4,0.4,0.4,0.3,0.3,0.3,0.2,0.2,0.2,0.2,0.2,0.2,0.2,0.2,0.3,0.3,0.3,0.3,0.3
Cambodia,KHM,"Prevalence of HIV, female (% ages 15-24)",SH.HIV.1524.FE.ZS,0.5,0.4,0.4,0.4,0.3,0.3,0.2,0.2,0.2,0.1,0.1,0.1,0.1,0.1,0.2,0.2,0.2,0.2,0.2,0.2,0.2
Cambodia,KHM,"Compulsory education, duration (years)",SE.COM.DURS,..,..,..,..,..,..,..,..,..,..,..,..,..,..,..,..,..,..,..,..,..
Cambodia,KHM,GDP growth (annual %),NY.GDP.MKTP.KD.ZG,9.99358032292079,7.38971065070517,6.26507280509637,10.2836813071691,9.45769481103929,13.3033338358455,10.9433600681694,10.398458101201,7.47636606631011,4.07477850599065,5.07691843229247,7.28665813879552,7.65025657870362,7.8574997554252,8.00032074618566,7.20703472529512,7.90550116130704,8.07503915535979,8.77622376224463,7.93695013588524,-3.55572193406549
Cambodia,KHM,GDP (current US$),NY.GDP.MKTP.CD,3694168979.32019,4145665969.92864,4501227626.62752,5046693484.31767,5883297159.87352,7066296463.3598,8350531016.65753,10127916459.8983,12174303999.0812,12502901169.7377,13808673288.0696,16032622023.8265,17826536699.8016,19807135252.8649,22041463967.9009,24174170369.0738,26556545153.3573,29355665909.7905,33145892168.8958,36685356407.7206,34818073901.4851
Indonesia,IDN,"Life expectancy at birth, female (years)",SP.DYN.LE00.FE.IN,67.98,68.269,68.682,68.827,66.94,69.264,69.394,69.687,69.87,70.032,70.152,70.463,70.721,70.971,71.238,71.46,71.692,71.945,72.113,72.389,71.097
Indonesia,IDN,"Life expectancy at birth, male (years)",SP.DYN.LE00.MA.IN,64.61,64.899,65.229,65.438,64.08,65.794,65.929,66.138,66.296,66.495,66.571,66.793,67.002,67.16,67.353,67.584,67.781,67.971,68.062,68.325,66.644
Indonesia,IDN,"Life expectancy at birth, total (years)",SP.DYN.LE00.IN,66.292,66.583,66.954,67.134,65.521,67.531,67.664,67.914,68.085,68.267,68.364,68.629,68.862,69.064,69.292,69.52,69.733,69.953,70.08,70.349,68.817
Indonesia,IDN,"Mortality caused by road traffic injury (per 100,000 population)",SH.STA.TRAF.P5,14.5,14.6,14.8,14.5,14.4,14.3,14.2,13.7,13.5,13.9,13.7,13.8,13,12.9,12.7,12.3,12.1,11.8,11.6,11.3,..
Indonesia,IDN,"Mortality from CVD, cancer, diabetes or CRD between exact ages 30 and 70 (%)",SH.DYN.NCOM.ZS,25.9,25.9,26,26.2,26.3,26.3,26.2,26.2,26.2,26.1,26,25.7,25.5,25.3,25.1,25,24.7,24.5,24.3,24.2,23.8
Indonesia,IDN,"Mortality from CVD, cancer, diabetes or CRD between exact ages 30 and 70, male (%)",SH.DYN.NCOM.MA.ZS,26.9,26.9,27.3,27.6,27.9,28.1,28.1,28.3,28.4,28.5,28.5,28.2,28.1,28,27.8,27.8,27.6,27.4,27.3,27.2,26.9
Indonesia,IDN,"Mortality from CVD, cancer, diabetes or CRD between exact ages 30 and 70, female (%)",SH.DYN.NCOM.FE.ZS,25,25,24.9,24.9,24.8,24.7,24.5,24.3,24.2,24,23.8,23.4,23.2,22.9,22.6,22.4,22.1,21.8,21.5,21.3,20.9
Indonesia,IDN,"Mortality rate, under-5 (per 1,000 live births)",SH.DYN.MORT,51.9,49.6,47.3,45.2,49.1,41.4,39.6,38,36.4,35,33.6,32.2,31,29.7,28.6,27.4,26.4,25.4,24.5,23.6,22.8
Indonesia,IDN,"Mortality rate, infant (per 1,000 live births)",SP.DYN.IMRT.IN,41.3,39.5,37.7,36.1,36.7,33.2,31.8,30.5,29.3,28.2,27.1,26.1,25.1,24.1,23.2,22.3,21.5,20.7,19.9,19.3,18.6
Indonesia,IDN,"Mortality rate, adult, female (per 1,000 female adults)",SP.DYN.AMRT.FE,177.125,175.426,171.338,171.966,199.153,170.474,170.442,168.483,167.819,167.572,168.048,164.815,162.476,160.188,157.649,155.628,153.416,150.907,149.409,146.485,163.755
Indonesia,IDN,"Mortality rate, adult, male (per 1,000 male adults)",SP.DYN.AMRT.MA,220.596,218.488,215.715,215.008,234.148,214.514,214.207,213.28,213.074,211.865,213.062,211.02,209.081,207.908,206.17,203.819,201.924,200.068,199.69,196.698,222.653
Indonesia,IDN,"Current health expenditure per capita, PPP (current international $)",SH.XPD.CHEX.PP.CD,93.493089104675,111.717915210114,109.350278655416,130.890147904067,131.431859149521,168.920594088728,187.56033863635,217.952233217532,211.066932217022,221.317461135779,233.134813024442,267.164669784463,277.738478849921,283.090364901469,298.350836609965,293.233792506128,310.081437615651,310.387468170017,326.103776326436,345.046001576198,401.223289913644
Indonesia,IDN,Current health expenditure (% of GDP),SH.XPD.CHEX.GD.ZS,1.85297656,2.11850214,1.98062706,2.24837184,2.12002277,2.53189397,2.61946416,2.82385564,2.54842305,2.62324095,2.7908783,2.98942471,2.91427088,2.86934805,2.96433568,2.92428517,3.02147198,2.90417194,2.86757827,2.87862897,3.42067289
Indonesia,IDN,Domestic general government health expenditure (% of general government expenditure),SH.XPD.GHED.GE.ZS,3.59241796,3.95831513,3.98283839,4.49961615,4.20149517,4.2081809,4.51137447,5.43742085,4.62985182,5.41294384,3.91489625,3.96251845,4.07335424,4.34042978,5.40550184,6.57872438,8.12968636,8.2089262,8.40313911,8.54535389,10.24196243
Indonesia,IDN,"Incidence of HIV, all (per 1,000 uninfected population)",SH.HIV.INCD.TL.P3,0.1,0.15,0.19,0.19,0.2,0.22,0.22,0.21,0.2,0.2,0.2,0.2,0.19,0.18,0.17,0.16,0.15,0.14,0.13,0.12,0.12
Indonesia,IDN,"Immunization, DPT (% of children ages 12-23 months)",SH.IMM.IDPT,75,76,70,71,71,72,72,73,77,78,81,81,87,92,88,84,84,85,85,85,77
Indonesia,IDN,"Incidence of HIV, ages 15-49 (per 1,000 uninfected population ages 15-49)",SH.HIV.INCD.ZS,0.14,0.27,0.34,0.33,0.35,0.37,0.38,0.36,0.35,0.34,0.34,0.33,0.32,0.3,0.28,0.27,0.25,0.24,0.23,0.21,0.2
Indonesia,IDN,"Incidence of HIV, ages 15-24 (per 1,000 uninfected population ages 15-24)",SH.HIV.INCD.YG.P3,0.22,0.42,0.53,0.53,0.57,0.61,0.62,0.6,0.59,0.59,0.59,0.58,0.55,0.52,0.5,0.47,0.45,0.43,0.4,0.38,0.36
Indonesia,IDN,"Immunization, HepB3 (% of one-year-old children)",SH.IMM.HEPB,65,62,63,64,64,65,66,76,82,82,83,81,85,90,88,84,84,85,85,85,77
Indonesia,IDN,"Immunization, measles (% of children ages 12-23 months)",SH.IMM.MEAS,76,76,72,74,76,77,79,76,76,74,78,80,82,87,86,87,88,90,89,88,76
Indonesia,IDN,"Incidence of malaria (per 1,000 population at risk)",SH.MLR.INCD.P3,5.28,5.28,5.28,5.28,4.77,5.14,5.92,5.28,5.28,5.28,8.09,7.26,7.11,5.98,4.49,3.97,4.11,2.78,2.45,1.96,1.93
Indonesia,IDN,"Incidence of tuberculosis (per 100,000 people)",SH.TBS.INCD,370,369,367,366,363,360,357,353,349,345,342,338,335,332,329,325,322,319,316,312,306
Indonesia,IDN,"Total alcohol consumption per capita (liters of pure alcohol, projected estimates, 15+ years of age)",SH.ALC.PCAP.LI,0.083,0.083,0.077,0.074,0.077,0.082,0.085,0.089,0.094,0.1,0.1,0.11,0.11,0.11,0.11,0.11,0.11,0.11,0.11,0.11,0.074
Indonesia,IDN,"Total alcohol consumption per capita, female (liters of pure alcohol, projected estimates, female 15+ years of age)",SH.ALC.PCAP.FE.LI,0.021,0.021,0.019,0.019,0.019,0.02,0.021,0.022,0.023,0.025,0.026,0.026,0.027,0.028,0.028,0.027,0.026,0.027,0.027,0.027,0.018
Indonesia,IDN,"Total alcohol consumption per capita, male (liters of pure alcohol, projected estimates, male 15+ years of age)",SH.ALC.PCAP.MA.LI,0.15,0.15,0.13,0.13,0.13,0.14,0.15,0.16,0.17,0.18,0.18,0.19,0.19,0.2,0.2,0.2,0.19,0.2,0.19,0.19,0.13
Indonesia,IDN,"Probability of dying among adolescents ages 10-14 years (per 1,000)",SH.DYN.1014,3.4,3.3,3.2,3.1,5.7,2.9,2.9,2.8,2.7,2.6,2.6,2.5,2.5,2.4,2.4,2.3,2.2,2.2,2.1,2.1,2.1
Indonesia,IDN,"Probability of dying among adolescents ages 15-19 years (per 1,000)",SH.DYN.1519,5.9,5.9,5.9,5.9,8.3,5.9,5.8,5.8,5.8,5.7,5.7,5.6,5.6,5.5,5.4,5.2,5.1,5,4.8,4.7,4.6
Indonesia,IDN,"Probability of dying among children ages 5-9 years (per 1,000)",SH.DYN.0509,5.8,5.5,5.3,5.1,8.8,4.7,4.5,4.3,4.2,4,3.9,3.7,3.6,3.5,3.4,3.3,3.2,3.1,3,2.9,2.8
Indonesia,IDN,"Probability of dying among youth ages 20-24 years (per 1,000)",SH.DYN.2024,5.6,5.6,5.6,5.6,7.9,5.6,5.6,5.6,5.5,5.5,5.5,5.5,5.4,5.4,5.3,5.3,5.2,5.2,5.1,5.1,5.1
Indonesia,IDN,"Survival to age 65, male (% of cohort)",SP.DYN.TO65.MA.ZS,63.79128,64.203214,64.703194,64.945777,62.431219,65.297038,65.440577,65.692786,65.849733,66.122153,66.100819,66.453256,66.788779,67.019754,67.326379,67.716256,68.04023,68.355287,68.472009,68.937631,64.770888
Indonesia,IDN,"Survival to age 65, female (% of cohort)",SP.DYN.TO65.FE.ZS,70.892402,71.28765,71.957392,72.061815,68.478691,72.584676,72.713955,73.122668,73.342616,73.511711,73.591436,74.101167,74.498191,74.884932,75.302167,75.643985,76.006117,76.405721,76.65682,77.107534,74.566083
Indonesia,IDN,"Prevalence of HIV, total (% of population ages 15-49)",SH.DYN.AIDS.ZS,0.1,0.1,0.1,0.1,0.1,0.2,0.2,0.2,0.3,0.3,0.3,0.3,0.3,0.3,0.4,0.4,0.4,0.4,0.4,0.4,0.4
Indonesia,IDN,"Prevalence of HIV, male (% ages 15-24)",SH.HIV.1524.MA.ZS,0.1,0.1,0.2,0.2,0.2,0.3,0.3,0.3,0.3,0.3,0.3,0.3,0.3,0.3,0.3,0.2,0.2,0.2,0.2,0.2,0.2
Indonesia,IDN,"Prevalence of HIV, female (% ages 15-24)",SH.HIV.1524.FE.ZS,0.1,0.1,0.1,0.1,0.1,0.1,0.1,0.1,0.2,0.2,0.2,0.2,0.2,0.2,0.2,0.2,0.2,0.1,0.1,0.1,0.1
Indonesia,IDN,"Compulsory education, duration (years)",SE.COM.DURS,..,..,9,9,9,9,9,9,9,9,9,9,9,9,9,9,9,9,9,9,9
Indonesia,IDN,GDP growth (annual %),NY.GDP.MKTP.KD.ZG,4.9200677470169,3.64346644721492,4.49947539085764,4.78036912167654,5.03087394501685,5.69257130383384,5.50095178520348,6.34502222667214,6.01370360009123,4.62887118256153,6.22385418062366,6.16978420771008,6.03005065305615,5.5572636889101,5.006668425755,4.87632230022123,5.03306918280177,5.06978590134916,5.17429153955024,5.01928768046282,-2.06551182934165
Indonesia,IDN,GDP (current US$),NY.GDP.MKTP.CD,165021012077.81,160446947784.909,195660611165.183,234772463823.808,256836875295.452,285868619196.085,364570515618.357,432216737774.861,510228634992.258,539580085612.401,755094157621.936,892969104563.171,917869913332.649,912524136718.018,890814755533.537,860854232686.214,931877364037.698,1015618744159.73,1042271532988.63,1119099871350.2,1059054842698.48
Lao PDR,LAO,"Life expectancy at birth, female (years)",SP.DYN.LE00.FE.IN,59.875,60.568,61.114,61.705,62.376,63.07,63.57,64.222,64.692,65.432,66.083,66.882,67.452,68.001,68.553,68.896,69.26,69.561,69.815,70.156,71.045
Lao PDR,LAO,"Life expectancy at birth, male (years)",SP.DYN.LE00.MA.IN,56.776,57.233,57.532,57.65,57.882,58.411,58.697,59.295,59.925,60.734,61.419,62.254,62.925,63.569,64.268,64.61,64.898,65.252,65.492,65.784,65.861
Lao PDR,LAO,"Life expectancy at birth, total (years)",SP.DYN.LE00.IN,58.317,58.887,59.302,59.643,60.08,60.688,61.074,61.694,62.248,63.023,63.69,64.505,65.126,65.723,66.35,66.688,67.014,67.345,67.594,67.911,68.339
Lao PDR,LAO,"Mortality caused by road traffic injury (per 100,000 population)",SH.STA.TRAF.P5,13.8,13.4,13.6,13.7,13.8,14,13.9,14.2,14.1,14.2,14.3,14,14.2,14.3,16.4,15.2,16.4,16.8,17.3,17.9,..
Lao PDR,LAO,"Mortality from CVD, cancer, diabetes or CRD between exact ages 30 and 70 (%)",SH.DYN.NCOM.ZS,34.3,34,33.2,32.5,32.1,31.8,31.4,30.7,30.4,29.8,29.2,28.6,28.2,28,27.9,27.6,27.4,27.2,27.2,27.1,28.1
Lao PDR,LAO,"Mortality from CVD, cancer, diabetes or CRD between exact ages 30 and 70, male (%)",SH.DYN.NCOM.MA.ZS,38.1,37.9,37,36.6,36.2,36,35.6,34.9,34.6,33.9,33.3,32.6,32.1,31.8,31.7,31.5,31.2,31,30.9,30.8,33.1
Lao PDR,LAO,"Mortality from CVD, cancer, diabetes or CRD between exact ages 30 and 70, female (%)",SH.DYN.NCOM.FE.ZS,30.6,30.3,29.5,28.7,28.2,28,27.4,26.7,26.4,25.8,25.2,24.7,24.3,24.2,24,23.6,23.5,23.4,23.4,23.3,23
Lao PDR,LAO,"Mortality rate, under-5 (per 1,000 live births)",SH.DYN.MORT,107.5,103.4,99.1,94.9,90.8,86.8,82.7,78.8,75,71.4,68,64.7,61.5,58.6,55.8,53.2,50.9,48.8,46.8,45.1,43.4
Lao PDR,LAO,"Mortality rate, infant (per 1,000 live births)",SP.DYN.IMRT.IN,86.8,84.1,81.3,78.4,75.6,72.7,69.8,66.9,64.1,61.3,58.7,56.1,53.7,51.4,49.2,47.1,45.2,43.5,41.9,40.4,39
Lao PDR,LAO,"Mortality rate, adult, female (per 1,000 female adults)",SP.DYN.AMRT.FE,263.903,255.727,250.299,244.051,236.248,228.271,223.383,216.071,211.132,201.488,193.737,183.098,176.427,169.657,163.245,160.096,156.367,153.563,150.8,147.531,134.946
Lao PDR,LAO,"Mortality rate, adult, male (per 1,000 male adults)",SP.DYN.AMRT.MA,313.058,308.918,308.395,311.696,312.489,306.66,306.039,298.717,290.554,278.234,268.68,255.432,246.11,236.521,226.177,222.945,220.379,216.419,213.857,211.19,202.28
Lao PDR,LAO,"Current health expenditure per capita, PPP (current international $)",SH.XPD.CHEX.PP.CD,79.4679235215617,86.9184850004053,83.1760958955142,107.103912986389,91.8304346959128,93.6879452026679,92.1419452936448,106.445277999075,98.7704004191396,133.118344120013,115.67115135345,81.6579739874758,99.2704324425846,125.310530168583,133.276051541519,149.331132502307,159.194164190829,180.343744916157,168.177686819679,202.090167288715,159.156730844236
Lao PDR,LAO,Current health expenditure (% of GDP),SH.XPD.CHEX.GD.ZS,4.27513599,4.29031658,3.69751263,4.47920704,3.5405724,3.33673191,2.93200922,3.12986231,2.76727295,3.46300411,2.91154933,1.94457507,2.07637572,2.39984965,2.29845548,2.45366454,2.36087489,2.52606821,2.24630046,2.60312223,2.05965185
Lao PDR,LAO,Domestic general government health expenditure (% of general government expenditure),SH.XPD.GHED.GE.ZS,6.19914436,7.05502892,6.12984419,6.83480501,5.85327101,5.91417122,4.36346436,3.90299487,3.19745922,5.70376587,2.69455552,1.81748676,1.7665906,2.94007111,2.7363534,3.35080194,3.62799406,4.07695913,4.19733047,5.16324902,4.31482983
Lao PDR,LAO,"Incidence of HIV, all (per 1,000 uninfected population)",SH.HIV.INCD.TL.P3,0.12,0.14,0.15,0.15,0.15,0.16,0.16,0.17,0.17,0.17,0.17,0.17,0.17,0.17,0.18,0.18,0.18,0.18,0.18,0.18,0.17
Lao PDR,LAO,"Immunization, DPT (% of children ages 12-23 months)",SH.IMM.IDPT,51,52,53,49,45,49,57,50,61,67,74,76,77,83,83,82,82,78,75,66,61
Lao PDR,LAO,"Incidence of HIV, ages 15-49 (per 1,000 uninfected population ages 15-49)",SH.HIV.INCD.ZS,0.23,0.27,0.29,0.28,0.28,0.29,0.29,0.3,0.29,0.29,0.29,0.28,0.29,0.29,0.29,0.3,0.3,0.3,0.3,0.3,0.29
Lao PDR,LAO,"Incidence of HIV, ages 15-24 (per 1,000 uninfected population ages 15-24)",SH.HIV.INCD.YG.P3,0.27,0.32,0.34,0.33,0.33,0.33,0.34,0.35,0.35,0.34,0.34,0.34,0.35,0.36,0.37,0.37,0.38,0.39,0.39,0.39,0.38
Lao PDR,LAO,"Immunization, HepB3 (% of one-year-old children)",SH.IMM.HEPB,..,..,..,50,45,49,57,50,61,67,74,76,77,83,83,82,82,78,75,66,61
Lao PDR,LAO,"Immunization, measles (% of children ages 12-23 months)",SH.IMM.MEAS,42,50,55,42,36,41,48,40,52,59,64,67,69,78,81,78,76,78,75,70,63
Lao PDR,LAO,"Incidence of malaria (per 1,000 population at risk)",SH.MLR.INCD.P3,31.76,21.61,17.26,15.42,13.41,11.46,15.78,14.5,12.95,14.62,13.28,9.08,23.57,19.93,25.16,17.66,7.47,4,4.22,2.8,1.48
Lao PDR,LAO,"Incidence of tuberculosis (per 100,000 people)",SH.TBS.INCD,330,317,305,293,282,270,260,249,240,230,221,213,204,197,189,182,175,168,162,155,149
Lao PDR,LAO,"Total alcohol consumption per capita (liters of pure alcohol, projected estimates, 15+ years of age)",SH.ALC.PCAP.LI,8.18,8.18,7.38,7.57,7.71,7.82,8.45,9.04,9.68,10.06,10.42,10.7,10.73,10.82,11.02,11.31,11.43,11.36,11.52,11.52,10.82
Lao PDR,LAO,"Total alcohol consumption per capita, female (liters of pure alcohol, projected estimates, female 15+ years of age)",SH.ALC.PCAP.FE.LI,3.41,3.41,3.06,3.14,3.21,3.27,3.55,3.81,4.09,4.25,4.4,4.52,4.53,4.56,4.64,4.76,4.81,4.78,4.85,4.85,4.53
Lao PDR,LAO,"Total alcohol consumption per capita, male (liters of pure alcohol, projected estimates, male 15+ years of age)",SH.ALC.PCAP.MA.LI,13,13,11.76,12.05,12.26,12.43,13.39,14.31,15.28,15.88,16.42,16.87,16.91,17.05,17.35,17.8,17.99,17.89,18.15,18.15,17.08
Lao PDR,LAO,"Probability of dying among adolescents ages 10-14 years (per 1,000)",SH.DYN.1014,9.2,8.9,8.7,8.4,8.2,7.9,7.6,7.3,7.1,6.8,6.5,6.2,5.9,5.6,5.4,5.1,4.9,4.7,4.5,4.3,4.2
Lao PDR,LAO,"Probability of dying among adolescents ages 15-19 years (per 1,000)",SH.DYN.1519,13.9,13.6,13.2,12.8,12.3,11.8,11.2,10.5,9.9,9.2,8.6,8,7.3,6.7,6.1,5.7,5.3,5.1,4.9,4.8,4.6
Lao PDR,LAO,"Probability of dying among children ages 5-9 years (per 1,000)",SH.DYN.0509,14.7,13.7,12.8,11.9,11.1,10.2,9.4,8.7,7.9,7.3,6.6,6,5.5,4.9,4.5,4.1,3.7,3.4,3.1,2.9,2.8
Lao PDR,LAO,"Probability of dying among youth ages 20-24 years (per 1,000)",SH.DYN.2024,11.7,11.6,11.5,11.3,11.1,10.8,10.5,10.2,9.9,9.7,9.3,9,8.7,8.4,8.1,7.8,7.6,7.5,7.3,7.2,7.2
Lao PDR,LAO,"Survival to age 65, male (% of cohort)",SP.DYN.TO65.MA.ZS,50.973475,51.626235,51.934397,51.848044,52.015498,52.841251,53.146486,54.125649,55.199802,56.696998,57.921484,59.519737,60.741828,61.946781,63.269083,63.809833,64.254109,64.854203,65.255973,65.71816,65.520471
Lao PDR,LAO,"Survival to age 65, female (% of cohort)",SP.DYN.TO65.FE.ZS,57.708576,58.850535,59.698267,60.643207,61.761758,62.920949,63.707015,64.793935,65.562598,66.885172,68.011078,69.465153,70.457011,71.433631,72.393107,72.944025,73.553067,74.041745,74.479318,75.04371,76.285458
Lao PDR,LAO,"Prevalence of HIV, total (% of population ages 15-49)",SH.DYN.AIDS.ZS,0.1,0.1,0.1,0.1,0.2,0.2,0.2,0.2,0.2,0.2,0.3,0.3,0.3,0.3,0.3,0.3,0.3,0.3,0.4,0.4,0.4
Lao PDR,LAO,"Prevalence of HIV, male (% ages 15-24)",SH.HIV.1524.MA.ZS,0.1,0.1,0.1,0.1,0.1,0.1,0.1,0.1,0.1,0.1,0.1,0.1,0.1,0.2,0.2,0.2,0.2,0.2,0.2,0.2,0.2
Lao PDR,LAO,"Prevalence of HIV, female (% ages 15-24)",SH.HIV.1524.FE.ZS,0.1,0.1,0.1,0.1,0.1,0.1,0.1,0.1,0.1,0.1,0.1,0.1,0.1,0.1,0.1,0.1,0.1,0.1,0.1,0.1,0.1
Lao PDR,LAO,"Compulsory education, duration (years)",SE.COM.DURS,5,5,5,5,5,5,5,5,5,5,5,5,5,5,5,5,9,9,9,9,9
Lao PDR,LAO,GDP growth (annual %),NY.GDP.MKTP.KD.ZG,5.79878232861959,5.75141287983195,5.91874368370564,6.06700230344272,6.35769548008234,7.10756836811267,8.61926620832807,7.59682880054878,7.82490276337012,7.50177491225853,8.52690551739717,8.03865268023725,8.02609843461283,8.02630022699017,7.61196343979319,7.27006584373785,7.02283625501138,6.8925308726989,6.24796000755872,5.4577350924848,0.503031829018681
Lao PDR,LAO,GDP (current US$),NY.GDP.MKTP.CD,1731198022.46763,1768619058.34647,1758176653.07746,2023324407.28414,2366398119.86321,2735558734.7379,3455030060.9785,4223152739.04052,5446433157.40114,5836137329.63305,7131771014.70456,8750104617.17303,10192846339.4029,11983252626.5452,13279245886.3854,14426380125.6488,15912501722.6143,17071155481.4994,18141641089.7963,18740561512.5555,18981805250.2424
Myanmar,MMR,"Life expectancy at birth, female (years)",SP.DYN.LE00.FE.IN,63.509,63.799,64.092,64.325,64.533,64.778,65.076,65.365,57.592,66.067,66.456,66.892,67.252,67.595,68.026,68.352,68.673,68.918,69.224,69.478,69.702
Myanmar,MMR,"Life expectancy at birth, male (years)",SP.DYN.LE00.MA.IN,57.415,57.688,57.961,58.262,58.537,58.839,59.148,59.528,55.119,60.278,60.655,60.984,61.4,61.783,62.111,62.376,62.751,63.038,63.376,63.574,63.678
Myanmar,MMR,"Life expectancy at birth, total (years)",SP.DYN.LE00.IN,60.357,60.64,60.925,61.196,61.443,61.72,62.026,62.367,56.364,63.095,63.479,63.859,64.251,64.617,64.994,65.288,65.64,65.909,66.232,66.457,66.612
Myanmar,MMR,"Mortality caused by road traffic injury (per 100,000 population)",SH.STA.TRAF.P5,20.9,20.6,20.4,20.1,19.7,19.3,19,19,19.2,19.1,19.1,19,19.5,19.5,19.6,19.7,19.9,20,20.2,20.4,..
Myanmar,MMR,"Mortality from CVD, cancer, diabetes or CRD between exact ages 30 and 70 (%)",SH.DYN.NCOM.ZS,33.1,32.8,32.7,32.6,32.7,32.2,31.8,30.8,30.1,29,28.3,27.5,27.1,26.5,26.2,26.2,25.9,25.5,25.7,25.6,25.8
Myanmar,MMR,"Mortality from CVD, cancer, diabetes or CRD between exact ages 30 and 70, male (%)",SH.DYN.NCOM.MA.ZS,35.2,34.9,34.8,34.7,35.1,34.8,34.5,33.6,32.9,31.9,31.5,30.9,30.8,30.2,30.1,30.2,30.1,29.7,30,30,30.7
Myanmar,MMR,"Mortality from CVD, cancer, diabetes or CRD between exact ages 30 and 70, female (%)",SH.DYN.NCOM.FE.ZS,31.2,30.9,30.7,30.8,30.4,29.8,29.4,28.4,27.6,26.4,25.5,24.4,23.7,23.2,22.7,22.5,22.2,21.7,21.7,21.5,21.3
Myanmar,MMR,"Mortality rate, under-5 (per 1,000 live births)",SH.DYN.MORT,89.5,87.1,84.7,82.2,79.7,77.1,74.4,71.6,101.1,66,63.2,60.5,58,55.6,53.4,51.3,49.5,47.7,46,44.4,42.9
Myanmar,MMR,"Mortality rate, infant (per 1,000 live births)",SP.DYN.IMRT.IN,73.9,72.3,70.5,68.8,66.9,65,62.9,60.8,70.8,56.4,54.2,52.1,50,48.1,46.3,44.6,43.1,41.6,40.2,38.9,37.6
Myanmar,MMR,"Mortality rate, adult, female (per 1,000 female adults)",SP.DYN.AMRT.FE,214.668,212.199,209.758,208.497,207.65,206.325,203.976,201.855,297.249,195.602,191.674,187.044,183.403,180.03,174.677,171.18,167.735,165.409,162.165,159.533,157.079
Myanmar,MMR,"Mortality rate, adult, male (per 1,000 male adults)",SP.DYN.AMRT.MA,325.48,323.01,320.703,317.61,315.22,312.51,309.52,305.225,331.401,297.114,292.842,289.554,284.17,279.49,275.775,273.204,268.057,264.679,260.153,258.485,254.63
Myanmar,MMR,"Current health expenditure per capita, PPP (current international $)",SH.XPD.CHEX.PP.CD,20.1420367058147,22.6115277064013,28.9861628817882,32.6398690218801,39.310760129373,43.1680549329621,47.9938347032884,49.0657133281221,57.6668566597241,64.0558666295587,61.1048129929427,63.8604205490005,89.2303721042641,126.309410912102,181.753712239901,231.926060209617,212.372626598124,220.83173177914,253.139121964291,232.581456277481,257.272201540423
Myanmar,MMR,Current health expenditure (% of GDP),SH.XPD.CHEX.GD.ZS,2.00781965,2.16208982,2.59446764,2.3959713,2.33253765,2.3447094,2.26559186,2.03606868,2.12175322,2.17283702,1.96793783,1.95077813,2.43605232,3.11112022,4.14940882,5.19711542,4.76220942,4.6921258,4.53514671,3.814466,4.27808714
Myanmar,MMR,Domestic general government health expenditure (% of general government expenditure),SH.XPD.GHED.GE.ZS,1.23249876,1.27720726,2.35729265,1.70499873,1.74388623,1.16742086,1.73496282,1.3007797,1.19463682,1.3029182,1.22740936,1.49485052,2.10250854,2.45782161,4.05640554,4.81628418,3.13267946,3.52443361,3.59327793,2.96386218,3.35896754
Myanmar,MMR,"Incidence of HIV, all (per 1,000 uninfected population)",SH.HIV.INCD.TL.P3,0.57,0.57,0.55,0.53,0.51,0.48,0.45,0.43,0.4,0.38,0.36,0.35,0.34,0.33,0.31,0.3,0.28,0.26,0.24,0.22,0.21
Myanmar,MMR,"Immunization, DPT (% of children ages 12-23 months)",SH.IMM.IDPT,82,73,79,78,82,73,82,86,85,90,90,84,84,75,88,89,90,89,91,90,84
Myanmar,MMR,"Incidence of HIV, ages 15-49 (per 1,000 uninfected population ages 15-49)",SH.HIV.INCD.ZS,1,0.98,0.94,0.9,0.86,0.81,0.77,0.73,0.68,0.63,0.61,0.59,0.57,0.56,0.54,0.51,0.47,0.44,0.41,0.38,0.36
Myanmar,MMR,"Incidence of HIV, ages 15-24 (per 1,000 uninfected population ages 15-24)",SH.HIV.INCD.YG.P3,1.7,1.7,1.6,1.6,1.5,1.4,1.4,1.3,1.2,1.1,1.1,1.1,1,1,0.99,0.94,0.88,0.82,0.76,0.71,0.67
Myanmar,MMR,"Immunization, HepB3 (% of one-year-old children)",SH.IMM.HEPB,..,..,..,8,39,62,75,85,85,91,92,40,58,75,88,89,90,89,91,90,84
Myanmar,MMR,"Immunization, measles (% of children ages 12-23 months)",SH.IMM.MEAS,84,73,77,80,86,84,78,81,82,87,88,88,84,86,88,84,91,83,93,84,91
Myanmar,MMR,"Incidence of malaria (per 1,000 population at risk)",SH.MLR.INCD.P3,34.4,34.4,34.4,34.4,34.4,34.4,24.45,30.65,37.33,35.2,35.29,30.81,40.4,13.97,8.69,6.1,3.61,2.67,2.39,1.71,1.78
Myanmar,MMR,"Incidence of tuberculosis (per 100,000 people)",SH.TBS.INCD,555,555,554,552,549,545,540,535,530,525,500,476,453,431,411,391,372,355,338,322,316
Myanmar,MMR,"Total alcohol consumption per capita (liters of pure alcohol, projected estimates, 15+ years of age)",SH.ALC.PCAP.LI,0.37,0.37,0.52,0.67,0.68,0.71,0.75,0.81,0.9,0.98,1.1,1.23,1.35,1.45,1.52,1.62,1.76,1.91,2.12,2.12,1.93
Myanmar,MMR,"Total alcohol consumption per capita, female (liters of pure alcohol, projected estimates, female 15+ years of age)",SH.ALC.PCAP.FE.LI,0.13,0.13,0.19,0.24,0.25,0.25,0.27,0.29,0.32,0.35,0.39,0.44,0.49,0.52,0.55,0.58,0.64,0.69,0.77,0.77,0.7
Myanmar,MMR,"Total alcohol consumption per capita, male (liters of pure alcohol, projected estimates, male 15+ years of age)",SH.ALC.PCAP.MA.LI,0.62,0.62,0.86,1.1,1.13,1.17,1.24,1.35,1.48,1.63,1.81,2.03,2.24,2.4,2.52,2.68,2.92,3.17,3.5,3.5,3.2
Myanmar,MMR,"Probability of dying among adolescents ages 10-14 years (per 1,000)",SH.DYN.1014,5.9,5.8,5.6,5.4,5.3,5.1,4.8,4.6,15.7,4,3.7,3.4,3.2,2.9,2.7,2.5,2.4,2.3,2.2,2.1,2.1
Myanmar,MMR,"Probability of dying among adolescents ages 15-19 years (per 1,000)",SH.DYN.1519,11.4,10.9,10.4,9.9,9.4,8.8,8.2,7.6,14.1,6.5,6,5.4,5,4.5,4.1,3.8,3.6,3.5,3.4,3.3,3.2
Myanmar,MMR,"Probability of dying among children ages 5-9 years (per 1,000)",SH.DYN.0509,14.5,13.7,12.8,12,11.2,10.3,9.5,8.6,29.8,6.9,6.1,5.3,4.6,4,3.5,3.2,2.9,2.7,2.5,2.4,2.3
Myanmar,MMR,"Probability of dying among youth ages 20-24 years (per 1,000)",SH.DYN.2024,12,11.8,11.6,11.3,11,10.6,10.2,9.7,15,8.8,8.3,7.9,7.4,7,6.6,6.3,6.1,5.9,5.8,5.7,5.6
Myanmar,MMR,"Survival to age 65, male (% of cohort)",SP.DYN.TO65.MA.ZS,50.846913,51.233746,51.624115,52.069469,52.469671,52.902313,53.360338,53.970845,48.239431,55.166446,55.77383,56.29204,56.988338,57.626913,58.167019,58.591782,59.245951,59.736173,60.324494,60.645456,60.498948
Myanmar,MMR,"Survival to age 65, female (% of cohort)",SP.DYN.TO65.FE.ZS,64.148123,64.587496,65.029379,65.34125,65.605458,65.934573,66.37783,66.798361,53.460378,67.890988,68.524857,69.250232,69.840878,70.400618,71.169189,71.719173,72.261529,72.657809,73.175398,73.603067,73.788592
Myanmar,MMR,"Prevalence of HIV, total (% of population ages 15-49)",SH.DYN.AIDS.ZS,0.6,0.7,0.7,0.8,0.8,0.8,0.8,0.9,0.9,0.9,0.9,0.9,0.9,0.9,0.9,0.9,0.9,0.9,0.9,0.9,0.9
Myanmar,MMR,"Prevalence of HIV, male (% ages 15-24)",SH.HIV.1524.MA.ZS,0.7,0.7,0.7,0.7,0.7,0.6,0.6,0.6,0.6,0.5,0.5,0.5,0.5,0.5,0.4,0.4,0.4,0.4,0.4,0.4,0.4
Myanmar,MMR,"Prevalence of HIV, female (% ages 15-24)",SH.HIV.1524.FE.ZS,0.5,0.6,0.6,0.7,0.7,0.7,0.7,0.7,0.7,0.7,0.7,0.6,0.6,0.6,0.6,0.5,0.5,0.5,0.5,0.5,0.4
Myanmar,MMR,"Compulsory education, duration (years)",SE.COM.DURS,5,5,5,5,5,5,5,5,5,5,5,5,5,5,5,5,5,5,5,5,5
Myanmar,MMR,GDP growth (annual %),NY.GDP.MKTP.KD.ZG,13.7459305561226,11.3439970699605,12.0255134340315,13.8439968903798,13.5646616163416,13.5689500216456,13.0761013792372,11.9914352402146,10.2553053929808,10.5500090961932,9.6344394520444,5.59148237823661,7.33267044704149,8.42600102501767,8.16990745558277,6.99284029026121,5.86247291518572,6.13610824360305,6.26886221471075,6.57911006765414,-9.04834717984643
Myanmar,MMR,GDP (current US$),NY.GDP.MKTP.CD,8905066163.58643,6477790688.22844,6777632512.0781,10467109977.6717,10567354056.4049,11986972418.5103,14502553709.8303,20182477480.5512,31862554101.9378,36906181380.8127,49540813342.4834,59977326085.9908,59937796648.2158,60269732854.827,65531374210.3224,59607290408.4359,63298361983.5653,66053040475.0257,67860515993.1186,75065106243.3578,79006113670.2831
Malaysia,MYS,"Life expectancy at birth, female (years)",SP.DYN.LE00.FE.IN,75.581,75.878,76.231,76.505,76.788,77.112,77.394,77.658,77.837,77.962,78.063,78.17,78.218,78.133,78.061,78.032,78.13,78.262,78.431,78.604,78.769
Malaysia,MYS,"Life expectancy at birth, male (years)",SP.DYN.LE00.MA.IN,70.194,70.584,71.003,71.252,71.567,71.927,72.292,72.56,72.766,72.886,73.004,73.123,73.206,73.122,72.974,72.9,72.972,73.171,73.379,73.539,73.688
Malaysia,MYS,"Life expectancy at birth, total (years)",SP.DYN.LE00.IN,72.732,73.08,73.469,73.727,74.027,74.37,74.697,74.961,75.151,75.269,75.376,75.488,75.552,75.464,75.345,75.288,75.371,75.542,75.734,75.9,76.057
Malaysia,MYS,"Mortality caused by road traffic injury (per 100,000 population)",SH.STA.TRAF.P5,26.8,25.4,25.1,26.2,25.5,24.9,24.7,24.2,24.7,25.1,25.1,24.7,24.5,24.2,23,22.8,24,22.9,22.7,22.5,..
Malaysia,MYS,"Mortality from CVD, cancer, diabetes or CRD between exact ages 30 and 70 (%)",SH.DYN.NCOM.ZS,22.3,21.3,20.9,21.1,20.6,20,19.6,19.3,19.5,19.4,19.2,19,18.3,17.9,18.1,19.4,19.6,19.8,19.9,19.7,17.4
Malaysia,MYS,"Mortality from CVD, cancer, diabetes or CRD between exact ages 30 and 70, male (%)",SH.DYN.NCOM.MA.ZS,25.4,24.3,23.6,24.1,23.7,23,22.5,22.4,22.8,22.8,22.4,22.2,21.5,21,21.4,22.9,23.3,23.4,23.8,23.5,21.1
Malaysia,MYS,"Mortality from CVD, cancer, diabetes or CRD between exact ages 30 and 70, female (%)",SH.DYN.NCOM.FE.ZS,19.2,18.2,17.9,17.9,17.3,16.8,16.4,16.1,15.9,15.8,15.7,15.5,15,14.6,14.6,15.6,15.6,15.9,15.7,15.7,13.4
Malaysia,MYS,"Mortality rate, under-5 (per 1,000 live births)",SH.DYN.MORT,10,9.3,8.8,8.5,8.4,8.3,8.3,8.2,8.2,8.2,8.1,8.1,8,8.1,8.1,8.1,8.2,8.2,8.2,8.2,8.1
Malaysia,MYS,"Mortality rate, infant (per 1,000 live births)",SP.DYN.IMRT.IN,7.7,7.2,6.9,6.7,6.6,6.5,6.5,6.5,6.5,6.5,6.5,6.5,6.5,6.5,6.6,6.6,6.7,6.7,6.7,6.7,6.7
Malaysia,MYS,"Mortality rate, adult, female (per 1,000 female adults)",SP.DYN.AMRT.FE,101.484,99.384,97.015,95.361,94.022,92.275,91.039,89.941,89.481,89.271,89.078,88.379,88.233,88.969,90.045,90.683,90.37,89.704,88.773,87.84,86.782
Malaysia,MYS,"Mortality rate, adult, male (per 1,000 male adults)",SP.DYN.AMRT.MA,190.933,186.49,181.149,178.27,174.565,170.545,166.825,164.986,163.986,163.676,162.863,161.994,161.408,162.284,163.75,164.549,163.897,161.939,159.94,158.545,157.314
Malaysia,MYS,"Current health expenditure per capita, PPP (current international $)",SH.XPD.CHEX.PP.CD,356.787025898666,380.888614164867,396.929412255539,458.206533321363,480.219172877419,477.90939449772,567.487926831819,598.735258828287,613.536738687526,646.355971610698,648.148646093435,716.840716262724,793.930000005204,825.146980637971,914.672754924011,937.402287554636,935.790627376657,981.266335713221,1044.88356956259,1111.03714581917,1121.66726983617
Malaysia,MYS,Current health expenditure (% of GDP),SH.XPD.CHEX.GD.ZS,2.51463366,2.6753974,2.66876554,2.92417073,2.86016941,2.78692698,3.10897732,3.07041144,3.00692558,3.2610569,3.16474271,3.31451917,3.45786357,3.51276922,3.71036959,3.82201481,3.70085335,3.71472311,3.75944281,3.83991051,4.08254337
Malaysia,MYS,Domestic general government health expenditure (% of general government expenditure),SH.XPD.GHED.GE.ZS,4.57726908,4.78832054,5.03528166,5.41107655,5.62838221,5.55390263,6.5490737,6.27600908,5.93352127,5.86503458,6.31136417,6.51518965,6.54217672,6.81631851,7.82402515,8.22995281,8.26288128,8.72014713,8.45166874,8.52427959,8.6899538
Malaysia,MYS,"Incidence of HIV, all (per 1,000 uninfected population)",SH.HIV.INCD.TL.P3,0.25,0.25,0.24,0.23,0.22,0.22,0.21,0.21,0.21,0.21,0.2,0.19,0.19,0.18,0.16,0.15,0.13,0.11,0.1,0.1,0.1
Malaysia,MYS,"Immunization, DPT (% of children ages 12-23 months)",SH.IMM.IDPT,98,96,94,96,95,96,95,97,97,97,96,96,97,97,97,99,98,99,99,98,98
Malaysia,MYS,"Incidence of HIV, ages 15-49 (per 1,000 uninfected population ages 15-49)",SH.HIV.INCD.ZS,0.44,0.43,0.41,0.4,0.38,0.37,0.37,0.36,0.35,0.34,0.33,0.32,0.31,0.29,0.27,0.24,0.21,0.19,0.17,0.16,0.15
Malaysia,MYS,"Incidence of HIV, ages 15-24 (per 1,000 uninfected population ages 15-24)",SH.HIV.INCD.YG.P3,0.28,0.27,0.27,0.26,0.25,0.25,0.25,0.24,0.24,0.23,0.22,0.21,0.2,0.19,0.18,0.16,0.14,0.12,0.11,0.1,0.1
Malaysia,MYS,"Immunization, HepB3 (% of one-year-old children)",SH.IMM.HEPB,97,95,95,95,94,96,95,96,97,96,96,96,97,96,96,99,98,98,99,97,99
Malaysia,MYS,"Immunization, measles (% of children ages 12-23 months)",SH.IMM.MEAS,96,95,94,93,95,96,95,95,95,95,95,95,95,95,92,93,96,96,98,97,95
Malaysia,MYS,"Incidence of malaria (per 1,000 population at risk)",SH.MLR.INCD.P3,13.83,13.58,11.43,6.42,6.09,5.39,5.01,3.75,5.51,5.29,4.53,3.39,3.09,0.85,0.49,0.19,0.21,0.07,0,0,0
Malaysia,MYS,"Incidence of tuberculosis (per 100,000 people)",SH.TBS.INCD,152,136,121,121,107,102,101,98,100,97,100,102,108,112,110,104,106,103,100,100,99
Malaysia,MYS,"Total alcohol consumption per capita (liters of pure alcohol, projected estimates, 15+ years of age)",SH.ALC.PCAP.LI,0.62,0.62,0.61,0.62,0.62,0.59,0.55,0.55,0.56,0.59,0.6,0.62,0.63,0.63,0.63,0.65,0.69,0.73,0.76,0.76,0.74
Malaysia,MYS,"Total alcohol consumption per capita, female (liters of pure alcohol, projected estimates, female 15+ years of age)",SH.ALC.PCAP.FE.LI,0.17,0.17,0.17,0.17,0.17,0.16,0.15,0.15,0.15,0.16,0.16,0.17,0.17,0.17,0.17,0.18,0.19,0.2,0.21,0.21,0.2
Malaysia,MYS,"Total alcohol consumption per capita, male (liters of pure alcohol, projected estimates, male 15+ years of age)",SH.ALC.PCAP.MA.LI,1.07,1.07,1.04,1.06,1.05,1,0.93,0.93,0.95,0.99,1.01,1.05,1.07,1.07,1.07,1.11,1.18,1.24,1.29,1.29,1.26
Malaysia,MYS,"Probability of dying among adolescents ages 10-14 years (per 1,000)",SH.DYN.1014,1.8,1.7,1.7,1.7,1.6,1.6,1.6,1.5,1.5,1.5,1.5,1.5,1.5,1.5,1.5,1.5,1.5,1.4,1.3,1.2,1.1
Malaysia,MYS,"Probability of dying among adolescents ages 15-19 years (per 1,000)",SH.DYN.1519,4,4,3.9,3.8,3.7,3.5,3.4,3.3,3.3,3.4,3.5,3.5,3.5,3.4,3.4,3.4,3.4,3.3,3,2.6,2.3
Malaysia,MYS,"Probability of dying among children ages 5-9 years (per 1,000)",SH.DYN.0509,1.6,1.5,1.5,1.4,1.4,1.4,1.3,1.3,1.3,1.2,1.2,1.2,1.2,1.2,1.2,1.2,1.2,1.1,1.1,1,0.9
Malaysia,MYS,"Probability of dying among youth ages 20-24 years (per 1,000)",SH.DYN.2024,5.2,5.1,5.1,5,4.7,4.5,4.3,4.1,4.1,4,4,3.9,3.7,3.7,3.6,3.6,3.7,3.6,3.5,3.3,3.3
Malaysia,MYS,"Survival to age 65, male (% of cohort)",SP.DYN.TO65.MA.ZS,71.075032,71.82728,72.663136,73.109008,73.60892,74.151174,74.675549,74.928319,75.159818,75.27954,75.48732,75.620892,75.737714,75.684158,75.533786,75.461285,75.56217,75.870143,76.1863,76.419014,76.629319
Malaysia,MYS,"Survival to age 65, female (% of cohort)",SP.DYN.TO65.FE.ZS,82.676195,83.122865,83.607507,83.968486,84.296086,84.666382,84.923734,85.109117,85.224444,85.299931,85.378786,85.466237,85.510679,85.440159,85.354187,85.296609,85.36389,85.491246,85.660071,85.829278,86.017692
Malaysia,MYS,"Prevalence of HIV, total (% of population ages 15-49)",SH.DYN.AIDS.ZS,0.4,0.4,0.4,0.4,0.4,0.4,0.4,0.4,0.4,0.4,0.4,0.4,0.4,0.4,0.4,0.4,0.4,0.3,0.3,0.3,0.3
Malaysia,MYS,"Prevalence of HIV, male (% ages 15-24)",SH.HIV.1524.MA.ZS,0.1,0.1,0.1,0.1,0.1,0.1,0.1,0.1,0.1,0.1,0.1,0.1,0.1,0.1,0.1,0.1,0.1,0.1,0.1,0.1,0.1
Malaysia,MYS,"Prevalence of HIV, female (% ages 15-24)",SH.HIV.1524.FE.ZS,0.1,0.1,0.1,0.1,0.1,0.1,0.1,0.1,0.1,0.1,0.1,0.1,0.1,0.1,0.1,0.1,0.1,0.1,0.1,0.1,0.1
Malaysia,MYS,"Compulsory education, duration (years)",SE.COM.DURS,..,..,..,6,6,6,6,6,6,6,6,6,6,6,6,6,6,6,6,6,6
Malaysia,MYS,GDP growth (annual %),NY.GDP.MKTP.KD.ZG,8.85886816969386,0.517675319192861,5.39098830692797,5.7884992858875,6.78343772370305,5.33213916141486,5.5848470671515,6.29878592740947,4.83176988913097,-1.51352871598714,7.42484738326097,5.29391283414003,5.47345419253853,4.69372252557893,6.00672194558203,5.09153242155011,4.44978139761541,5.81272240983328,4.84308697634881,4.41318742129586,-5.45684658426701
Malaysia,MYS,GDP (current US$),NY.GDP.MKTP.CD,93789736842.1053,92783947368.4211,100845526315.789,110202368421.053,124749473684.211,143534405818.501,162692258307.056,193549569477.733,230811614370.384,202257453036.641,255017638455.59,297951668674.835,314443047642.111,323276235524.415,338066095097.254,301355266964.947,301256033870.334,319109094160.343,358788845712.53,365177721021.516,337456163961.211
Philippines,PHL,"Life expectancy at birth, female (years)",SP.DYN.LE00.FE.IN,71.215,71.2,71.409,71.497,71.885,72.143,71.541,71.88,71.949,71.966,72.112,72.229,72.373,72.332,72.401,72.527,72.749,73.421,72.807,72.702,72.76
Philippines,PHL,"Life expectancy at birth, male (years)",SP.DYN.LE00.MA.IN,64.299,64.384,64.313,64.531,64.662,64.666,64.721,65.112,65.231,65.189,65.534,65.835,65.98,66.111,66.116,66.271,66.187,66.517,66.69,66.66,67.421
Philippines,PHL,"Life expectancy at birth, total (years)",SP.DYN.LE00.IN,67.789,67.829,67.886,68.049,68.301,68.423,68.172,68.549,68.643,68.631,68.883,69.096,69.237,69.283,69.311,69.45,69.49,69.966,69.761,69.68,70.097
Philippines,PHL,"Mortality caused by road traffic injury (per 100,000 population)",SH.STA.TRAF.P5,9.8,9.7,10.2,10.1,10.1,10.1,9.8,10.6,10,10.6,11.5,10.5,10.8,10.6,10.9,12.5,12.2,11.8,11.9,12,..
Philippines,PHL,"Mortality from CVD, cancer, diabetes or CRD between exact ages 30 and 70 (%)",SH.DYN.NCOM.ZS,21.2,22.2,22.7,22.8,23.3,23.6,24.6,24.6,24.7,25.2,25,25,25.2,25,25.5,25.3,26.1,24.9,25,25.3,24.9
Philippines,PHL,"Mortality from CVD, cancer, diabetes or CRD between exact ages 30 and 70, male (%)",SH.DYN.NCOM.MA.ZS,27.1,28.7,29.3,29.8,30.4,31,32.2,32.4,32.6,33.2,33,32.6,32.8,32.7,33.1,32.9,33,31.7,31.3,31.6,32
Philippines,PHL,"Mortality from CVD, cancer, diabetes or CRD between exact ages 30 and 70, female (%)",SH.DYN.NCOM.FE.ZS,16.3,16.8,17.4,17,17.4,17.5,18.2,18.1,18.2,18.5,18.2,18.5,18.6,18.2,18.8,18.5,19.7,18.5,19,19.2,18
Philippines,PHL,"Mortality rate, under-5 (per 1,000 live births)",SH.DYN.MORT,36.9,36.1,35.2,34.4,33.6,32.8,32.1,31.4,30.7,30.1,29.6,29.1,28.7,28.3,28,27.8,27.8,27.8,27.9,28,27.9
Philippines,PHL,"Mortality rate, infant (per 1,000 live births)",SP.DYN.IMRT.IN,27.3,26.8,26.4,25.9,25.5,25,24.5,24.1,23.8,23.4,23.1,22.8,22.6,22.4,22.3,22.2,22.3,22.4,22.6,22.7,22.8
Philippines,PHL,"Mortality rate, adult, female (per 1,000 female adults)",SP.DYN.AMRT.FE,142.541,145.893,143.066,143.036,137.218,135.221,146.808,142.179,141.324,141.849,139.458,139.075,137.601,139.367,138.362,137.486,133.576,122.01,132.873,134.533,134.489
Philippines,PHL,"Mortality rate, adult, male (per 1,000 male adults)",SP.DYN.AMRT.MA,268.072,268.122,272.393,268.831,267.204,271.104,268.335,260.932,258.862,258.31,251.661,246.197,244.333,242.266,243.73,240.963,243.294,233.974,232.319,231.544,219.984
Philippines,PHL,"Current health expenditure per capita, PPP (current international $)",SH.XPD.CHEX.PP.CD,102.821933040413,98.7859042000233,94.4387935569959,115.727563442286,123.00670323806,160.519020295605,172.966556900955,184.776435022139,198.733839972124,214.775827535002,226.764642024914,229.654395893208,254.563194022443,272.380492798712,247.693172504241,268.757499478344,291.97294660237,307.875665292074,330.45005495488,371.819121076887,425.276155233165
Philippines,PHL,Current health expenditure (% of GDP),SH.XPD.CHEX.GD.ZS,3.05512357,2.84775972,2.63767385,3.07663488,3.0468533,3.74253035,3.77762938,3.75318074,3.86315918,4.16451931,4.13107872,4.02518559,4.17709208,4.27408695,3.70313668,3.8982749,3.95484328,3.96042776,3.9538188,4.16646004,5.16214037
Philippines,PHL,Domestic general government health expenditure (% of general government expenditure),SH.XPD.GHED.GE.ZS,6.51838589,5.5015583,4.75280809,5.4588623,5.61920071,6.60978031,6.63096142,6.46384048,6.51014423,6.64473581,7.18279028,6.16743231,6.20142746,6.46710253,7.50540447,8.25687599,7.75196695,7.62032938,7.34612989,7.78876352,9.00173473
Philippines,PHL,"Incidence of HIV, all (per 1,000 uninfected population)",SH.HIV.INCD.TL.P3,0.01,0.01,0.01,0.01,0.1,0.1,0.1,0.1,0.1,0.1,0.1,0.1,0.1,0.1,0.1,0.1,0.11,0.12,0.14,0.15,0.16
Philippines,PHL,"Immunization, DPT (% of children ages 12-23 months)",SH.IMM.IDPT,78,79,79,84,88,89,88,87,87,88,88,89,89,85,80,76,84,84,84,84,83
Philippines,PHL,"Incidence of HIV, ages 15-49 (per 1,000 uninfected population ages 15-49)",SH.HIV.INCD.ZS,0.01,0.01,0.1,0.1,0.1,0.1,0.1,0.1,0.1,0.1,0.1,0.11,0.13,0.14,0.16,0.18,0.21,0.23,0.25,0.27,0.3
Philippines,PHL,"Incidence of HIV, ages 15-24 (per 1,000 uninfected population ages 15-24)",SH.HIV.INCD.YG.P3,0.01,0.1,0.1,0.1,0.1,0.1,0.1,0.1,0.1,0.11,0.12,0.14,0.17,0.19,0.22,0.24,0.27,0.3,0.33,0.36,0.4
Philippines,PHL,"Immunization, HepB3 (% of one-year-old children)",SH.IMM.HEPB,7,45,42,52,48,49,77,87,87,88,88,89,89,84,79,74,84,83,83,82,81
Philippines,PHL,"Immunization, measles (% of children ages 12-23 months)",SH.IMM.MEAS,78,81,82,87,92,92,92,92,90,89,87,86,84,83,81,80,80,81,82,83,79
Philippines,PHL,"Incidence of malaria (per 1,000 population at risk)",SH.MLR.INCD.P3,1.73,1.19,1.46,2.04,1.82,1.63,1.98,2.13,1.39,1.07,0.96,0.42,0.33,0.3,0.24,0.46,0.28,0.26,0.17,0.21,0.23
Philippines,PHL,"Incidence of tuberculosis (per 100,000 people)",SH.TBS.INCD,590,579,569,559,549,539,530,520,524,528,531,535,539,543,546,550,554,554,554,554,544
Philippines,PHL,"Total alcohol consumption per capita (liters of pure alcohol, projected estimates, 15+ years of age)",SH.ALC.PCAP.LI,5.82,5.82,5.77,5.76,5.74,5.64,5.57,5.59,5.7,5.93,6.12,6.33,6.17,6.06,5.84,5.85,5.9,6.04,6.18,6.18,5.66
Philippines,PHL,"Total alcohol consumption per capita, female (liters of pure alcohol, projected estimates, female 15+ years of age)",SH.ALC.PCAP.FE.LI,2.29,2.29,2.26,2.26,2.24,2.2,2.17,2.17,2.22,2.31,2.39,2.48,2.41,2.36,2.27,2.27,2.29,2.35,2.4,2.4,2.18
Philippines,PHL,"Total alcohol consumption per capita, male (liters of pure alcohol, projected estimates, male 15+ years of age)",SH.ALC.PCAP.MA.LI,9.36,9.36,9.28,9.26,9.22,9.06,8.96,8.99,9.17,9.54,9.86,10.19,9.92,9.76,9.41,9.42,9.49,9.71,9.92,9.92,9.1
Philippines,PHL,"Probability of dying among adolescents ages 10-14 years (per 1,000)",SH.DYN.1014,2.6,2.6,2.5,2.5,2.4,2.4,2.3,2.3,2.2,2.2,2.2,2.2,2.2,2.5,2.2,2.2,2.3,2.3,2.3,2.2,2.2
Philippines,PHL,"Probability of dying among adolescents ages 15-19 years (per 1,000)",SH.DYN.1519,4.1,4,4,4,3.9,3.9,3.9,3.9,3.9,3.9,3.9,3.8,3.8,3.8,3.8,3.8,3.8,3.8,3.8,3.8,3.8
Philippines,PHL,"Probability of dying among children ages 5-9 years (per 1,000)",SH.DYN.0509,3.1,2.9,2.8,2.7,2.6,2.6,2.5,2.4,2.4,2.3,2.3,2.3,2.3,2.8,2.3,2.3,2.3,2.2,2.2,2.2,2.1
Philippines,PHL,"Probability of dying among youth ages 20-24 years (per 1,000)",SH.DYN.2024,6.5,6.5,6.5,6.5,6.4,6.3,6.1,6,5.9,5.9,5.8,5.8,5.9,5.9,6,6,6,5.9,5.8,5.8,5.8
Philippines,PHL,"Survival to age 65, male (% of cohort)",SP.DYN.TO65.MA.ZS,60.229071,60.330454,59.764305,60.261666,60.403751,60.219605,60.308428,61.225866,61.44101,61.290779,62.095351,62.883181,63.145322,63.458812,63.393031,63.902346,63.852428,64.686856,65.039965,64.970919,66.443684
Philippines,PHL,"Survival to age 65, female (% of cohort)",SP.DYN.TO65.FE.ZS,76.324428,76.131652,76.452979,76.582342,77.353533,77.769501,76.132235,76.906181,76.96025,76.927466,77.221307,77.41024,77.660252,77.502797,77.588603,77.898022,78.467732,79.955411,78.545542,78.264542,78.304129
Philippines,PHL,"Prevalence of HIV, total (% of population ages 15-49)",SH.DYN.AIDS.ZS,0.1,0.1,0.1,0.1,0.1,0.1,0.1,0.1,0.1,0.1,0.1,0.1,0.1,0.1,0.1,0.1,0.1,0.1,0.2,0.2,0.2
Philippines,PHL,"Prevalence of HIV, male (% ages 15-24)",SH.HIV.1524.MA.ZS,0.1,0.1,0.1,0.1,0.1,0.1,0.1,0.1,0.1,0.1,0.1,0.1,0.1,0.1,0.1,0.1,0.2,0.2,0.2,0.2,0.3
Philippines,PHL,"Prevalence of HIV, female (% ages 15-24)",SH.HIV.1524.FE.ZS,0.1,0.1,0.1,0.1,0.1,0.1,0.1,0.1,0.1,0.1,0.1,0.1,0.1,0.1,0.1,0.1,0.1,0.1,0.1,0.1,0.1
Philippines,PHL,"Compulsory education, duration (years)",SE.COM.DURS,10,10,10,10,10,10,10,10,10,10,10,10,11,11,11,11,11,11,13,13,13
Philippines,PHL,GDP growth (annual %),NY.GDP.MKTP.KD.ZG,4.38250500083399,3.04923134463486,3.71625500158383,5.08691113513073,6.56922851180626,4.94250511877678,5.31641682136939,6.51929155018938,4.34448730509183,1.44832306275669,7.33449996034538,3.85823282795663,6.89695171050985,6.75053130142255,6.34798748260867,6.34830971672761,7.14945675000752,6.9309883258402,6.34148557153473,6.11852566221303,-9.51829474045297
Philippines,PHL,GDP (current US$),NY.GDP.MKTP.CD,83669788376.9213,78921234457.5487,84307345887.543,87039092974.2272,95001999685.3314,107419977318.166,127652926368.069,155980408673.403,181624626327.361,175974755881.372,208368893151.144,234216730291.32,261920540962.63,283902828588.718,297483555338.044,306445871242.322,318627003016.731,328480736802.76,346841896587.313,376823402239.136,361751145451.597
Singapore,SGP,"Life expectancy at birth, female (years)",SP.DYN.LE00.FE.IN,80,80.3,80.6,81.6,82,82.5,82.6,82.9,83.3,83.7,84,84.1,84.3,84.5,84.8,85.1,85.1,85.4,85.5,85.9,85.9
Singapore,SGP,"Life expectancy at birth, male (years)",SP.DYN.LE00.MA.IN,76,76.3,76.6,76.6,77.1,77.6,77.8,78.1,78.4,78.9,79.2,79.5,79.8,80.1,80.3,80.5,80.7,80.9,81.2,81.4,81.3
Singapore,SGP,"Life expectancy at birth, total (years)",SP.DYN.LE00.IN,77.9512195121951,78.2512195121951,78.5512195121951,79.0390243902439,79.490243902439,79.990243902439,80.1414634146341,80.4414634146342,80.790243902439,81.2414634146342,81.5414634146342,81.7439024390244,81.9951219512195,82.2463414634147,82.4951219512195,82.7439024390244,82.8463414634146,83.0951219512195,83.2975609756098,83.5951219512195,83.5439024390244
Singapore,SGP,"Mortality caused by road traffic injury (per 100,000 population)",SH.STA.TRAF.P5,6.5,5.8,6.4,7,6.2,5,5.3,6,5.8,4.4,5.1,4.6,3.5,3.2,3.1,3,2.7,2.5,2.3,2.1,..
Singapore,SGP,"Mortality from CVD, cancer, diabetes or CRD between exact ages 30 and 70 (%)",SH.DYN.NCOM.ZS,16.5,16.1,15.3,14.2,13.5,13.1,12.5,12.5,12.4,11.3,11,10.9,10.7,10.2,9.8,9.8,9.6,9.4,9,8.6,8.9
Singapore,SGP,"Mortality from CVD, cancer, diabetes or CRD between exact ages 30 and 70, male (%)",SH.DYN.NCOM.MA.ZS,20.2,20.4,19.1,18,16.8,16.7,15.8,16.1,15.7,14.2,14.2,13.7,13.2,12.9,12.3,12.4,12.2,11.7,11.4,10.8,11.3
Singapore,SGP,"Mortality from CVD, cancer, diabetes or CRD between exact ages 30 and 70, female (%)",SH.DYN.NCOM.FE.ZS,12.8,11.7,11.5,10.5,10.2,9.5,9.2,8.9,9.2,8.3,7.7,8,8,7.4,7.2,7.1,6.9,7,6.5,6.4,6.4
Singapore,SGP,"Mortality rate, under-5 (per 1,000 live births)",SH.DYN.MORT,3.8,3.6,3.4,3.2,3.1,3,2.9,2.9,2.8,2.8,2.8,2.8,2.8,2.8,2.7,2.7,2.7,2.6,2.5,2.4,2.3
Singapore,SGP,"Mortality rate, infant (per 1,000 live births)",SP.DYN.IMRT.IN,3,2.8,2.7,2.5,2.4,2.3,2.3,2.3,2.3,2.2,2.2,2.2,2.2,2.2,2.2,2.2,2.2,2.1,2.1,2,1.9
Singapore,SGP,"Mortality rate, adult, female (per 1,000 female adults)",SP.DYN.AMRT.FE,64.664,61.476,58.18,55.84,53.769,51.858,50.398,48.358,46.323,44.142,43.267,42.515,41.92,41.121,40.115,39.222,38.793,37.897,36.553,35.249,34.855
Singapore,SGP,"Mortality rate, adult, male (per 1,000 male adults)",SP.DYN.AMRT.MA,114.865,109.612,105.53,101.419,92.362,89.479,86.71,84.618,82.175,79.09,75.955,73.108,71.114,69.322,68.281,67.064,65.729,64.134,61.89,59.639,59.735
Singapore,SGP,"Current health expenditure per capita, PPP (current international $)",SH.XPD.CHEX.PP.CD,1461.09458573832,1370.79137208799,1524.71332947865,1749.47384777059,1710.69166652348,1783.37390850832,1877.58830216979,1948.97543913351,2178.77091889757,2255.67200768944,2411.37212079473,2525.49386324055,2739.0517655298,3067.23108647111,3280.50141247364,3650.03509193405,3958.32382350048,4180.32763407743,4237.40946621123,4670.46220567088,5854.30406536757
Singapore,SGP,Current health expenditure (% of GDP),SH.XPD.CHEX.GD.ZS,3.343364,3.16302657,3.358464,3.60699272,3.15019798,3.03367925,2.9347465,2.83749056,3.19488454,3.39370513,3.1982615,3.1539185,3.32392788,3.68225336,3.87132597,4.18061399,4.37989521,4.35978413,4.07275724,4.40746737,5.70015287
Singapore,SGP,Domestic general government health expenditure (% of general government expenditure),SH.XPD.GHED.GE.ZS,7.39189529,4.87020969,6.54224348,8.32677841,7.12897968,7.88790894,7.84840441,10.34652805,8.65292072,7.14675617,10.94287872,11.97459507,13.21419811,13.96146393,13.65520763,13.53679276,13.30733299,15.31318092,14.57274723,16.28944588,13.85786724
Singapore,SGP,"Incidence of HIV, all (per 1,000 uninfected population)",SH.HIV.INCD.TL.P3,0.1,0.1,0.1,0.1,0.1,0.1,0.1,0.1,0.1,0.1,0.1,0.1,0.1,0.1,0.1,0.1,0.1,0.1,0.1,0.1,0.1
Singapore,SGP,"Immunization, DPT (% of children ages 12-23 months)",SH.IMM.IDPT,98,96,94,96,95,96,95,97,97,97,96,96,97,97,96,96,97,96,97,97,98
Singapore,SGP,"Incidence of HIV, ages 15-49 (per 1,000 uninfected population ages 15-49)",SH.HIV.INCD.ZS,0.1,0.1,0.1,0.11,0.11,0.12,0.12,0.13,0.13,0.14,0.14,0.14,0.14,0.13,0.13,0.12,0.12,0.11,0.1,0.1,0.1
Singapore,SGP,"Incidence of HIV, ages 15-24 (per 1,000 uninfected population ages 15-24)",SH.HIV.INCD.YG.P3,0.1,0.1,0.1,0.1,0.1,0.1,0.1,0.1,0.1,0.1,0.1,0.1,0.1,0.1,0.1,0.1,0.1,0.1,0.1,0.1,0.1
Singapore,SGP,"Immunization, HepB3 (% of one-year-old children)",SH.IMM.HEPB,97,95,95,95,94,96,95,96,97,96,96,96,97,97,96,96,96,96,97,97,97
Singapore,SGP,"Immunization, measles (% of children ages 12-23 months)",SH.IMM.MEAS,96,95,94,93,95,96,95,95,95,95,95,95,95,95,95,95,95,95,97,96,97
Singapore,SGP,"Incidence of malaria (per 1,000 population at risk)",SH.MLR.INCD.P3,..,..,..,..,..,..,..,..,..,..,..,..,..,..,..,..,..,..,..,..,..
Singapore,SGP,"Incidence of tuberculosis (per 100,000 people)",SH.TBS.INCD,77,65,62,63,55,51,45,43,45,40,39,39,53,48,47,46,51,48,47,42,47
Singapore,SGP,"Total alcohol consumption per capita (liters of pure alcohol, projected estimates, 15+ years of age)",SH.ALC.PCAP.LI,2.28,2.28,2.06,1.83,1.59,1.62,1.66,1.73,1.78,1.86,1.92,1.99,1.99,1.97,1.92,1.91,1.89,1.89,1.87,1.87,1.81
Singapore,SGP,"Total alcohol consumption per capita, female (liters of pure alcohol, projected estimates, female 15+ years of age)",SH.ALC.PCAP.FE.LI,0.96,0.96,0.87,0.78,0.68,0.69,0.71,0.74,0.76,0.8,0.82,0.85,0.85,0.84,0.82,0.81,0.8,0.8,0.8,0.8,0.76
Singapore,SGP,"Total alcohol consumption per capita, male (liters of pure alcohol, projected estimates, male 15+ years of age)",SH.ALC.PCAP.MA.LI,3.55,3.55,3.22,2.86,2.48,2.53,2.58,2.67,2.75,2.86,2.94,3.03,3.03,2.99,2.93,2.91,2.88,2.88,2.85,2.85,2.76
Singapore,SGP,"Probability of dying among adolescents ages 10-14 years (per 1,000)",SH.DYN.1014,0.8,0.8,0.7,0.7,0.7,0.6,0.6,0.6,0.6,0.6,0.5,0.5,0.5,0.5,0.5,0.5,0.5,0.5,0.5,0.5,0.5
Singapore,SGP,"Probability of dying among adolescents ages 15-19 years (per 1,000)",SH.DYN.1519,1.6,1.6,1.6,1.5,1.4,1.3,1.2,1.2,1.1,1.1,1.1,1,1,1,1,1,1,1,1,1,1
Singapore,SGP,"Probability of dying among children ages 5-9 years (per 1,000)",SH.DYN.0509,0.6,0.6,0.5,0.5,0.5,0.5,0.5,0.4,0.4,0.4,0.4,0.4,0.4,0.4,0.4,0.3,0.3,0.3,0.3,0.3,0.3
Singapore,SGP,"Probability of dying among youth ages 20-24 years (per 1,000)",SH.DYN.2024,2.4,2.4,2.4,2.4,2.3,2.2,2,1.9,1.8,1.7,1.7,1.6,1.5,1.5,1.4,1.4,1.3,1.3,1.3,1.3,1.3
Singapore,SGP,"Survival to age 65, male (% of cohort)",SP.DYN.TO65.MA.ZS,81.292024,82.12206,82.77276,83.430762,84.692238,85.197836,85.66392,86.086263,86.567454,87.130901,87.608094,88.0038,88.257227,88.585251,88.800524,89.009113,89.19638,89.414038,89.779617,90.147634,90.129112
Singapore,SGP,"Survival to age 65, female (% of cohort)",SP.DYN.TO65.FE.ZS,89.1492,89.68114,90.229979,90.6276,90.921986,91.242797,91.529861,91.92881,92.351399,92.707568,92.828657,92.931692,93.025704,93.183343,93.384934,93.568958,93.65737,93.755796,93.975321,94.189504,94.291039
Singapore,SGP,"Prevalence of HIV, total (% of population ages 15-49)",SH.DYN.AIDS.ZS,0.1,0.1,0.1,0.1,0.1,0.1,0.1,0.1,0.1,0.1,0.1,0.1,0.1,0.1,0.1,0.1,0.1,0.1,0.1,0.1,0.1
Singapore,SGP,"Prevalence of HIV, male (% ages 15-24)",SH.HIV.1524.MA.ZS,0.1,0.1,0.1,0.1,0.1,0.1,0.1,0.1,0.1,0.1,0.1,0.1,0.1,0.1,0.1,0.1,0.1,0.1,0.1,0.1,0.1
Singapore,SGP,"Prevalence of HIV, female (% ages 15-24)",SH.HIV.1524.FE.ZS,0.1,0.1,0.1,0.1,0.1,0.1,0.1,0.1,0.1,0.1,0.1,0.1,0.1,0.1,0.1,0.1,0.1,0.1,0.1,0.1,0.1
Singapore,SGP,"Compulsory education, duration (years)",SE.COM.DURS,6,6,6,6,6,6,6,6,6,6,6,6,6,6,6,6,6,6,6,6,6
Singapore,SGP,GDP growth (annual %),NY.GDP.MKTP.KD.ZG,9.03831632555163,-1.07086275100448,3.92336076702013,4.54825542643229,9.93998268434957,7.36632239250758,9.00676607871758,9.02151951268893,1.86348345462035,0.127953382778088,14.5197497108994,6.21493416858989,4.43549759378537,4.81763099120676,3.93554027709007,2.97679931634806,3.74757848792792,4.47689915845876,3.4519759658687,1.30804118153127,-3.81470885510713
Singapore,SGP,GDP (current US$),NY.GDP.MKTP.CD,96076539925.7409,89793790669.6515,92538372869.6942,97646401095.6369,115033593101.049,127807848728.398,148627286361.351,180941701357.97,193617323539.203,194150283771.566,239807980591.24,279356499090.458,295092888076.589,307576360584.992,314863580758.455,307998545269.398,319646468521.497,343673334902.33,377123710560.614,376161998830.048,349165858544.568
Viet Nam,VNM,"Life expectancy at birth, female (years)",SP.DYN.LE00.FE.IN,77.278,77.673,78.014,78.186,77.807,77.951,78.049,78.152,78.213,78.272,78.377,78.439,78.465,78.524,78.598,78.7,78.762,78.79,78.863,78.972,80.314
Viet Nam,VNM,"Life expectancy at birth, male (years)",SP.DYN.LE00.MA.IN,68.2,68.297,68.278,68.289,68.282,68.393,68.477,68.559,68.632,68.706,68.775,68.908,68.979,69.042,69.1,69.147,69.153,69.217,69.303,69.414,70.366
Viet Nam,VNM,"Life expectancy at birth, total (years)",SP.DYN.LE00.IN,72.746,72.984,73.138,73.236,73.062,73.198,73.293,73.385,73.455,73.525,73.611,73.713,73.762,73.821,73.886,73.955,73.984,74.026,74.1,74.211,75.383
Viet Nam,VNM,"Mortality caused by road traffic injury (per 100,000 population)",SH.STA.TRAF.P5,24.1,24.2,24.3,24.2,24.9,24.6,24.5,24.3,24.8,24.6,25.6,25.3,25.4,25,24.7,25.4,26.7,27.8,29.2,30.6,..
Viet Nam,VNM,"Mortality from CVD, cancer, diabetes or CRD between exact ages 30 and 70 (%)",SH.DYN.NCOM.ZS,20.1,20.3,20.3,20.4,20.7,20.8,20.9,21.2,21.4,21.5,21.7,21.6,21.5,21.5,21.5,21.6,21.4,21.1,20.9,20.8,19.3
Viet Nam,VNM,"Mortality from CVD, cancer, diabetes or CRD between exact ages 30 and 70, male (%)",SH.DYN.NCOM.MA.ZS,27.3,27.6,27.7,28,28.3,28.6,28.8,29.2,29.5,29.7,30,29.9,29.8,29.8,29.7,29.9,29.5,29.1,28.9,28.7,27.2
Viet Nam,VNM,"Mortality from CVD, cancer, diabetes or CRD between exact ages 30 and 70, female (%)",SH.DYN.NCOM.FE.ZS,14,14.1,14.1,14.1,14.2,14.2,14.3,14.4,14.4,14.4,14.4,14.3,14.2,14.1,14.1,14.2,14,13.8,13.7,13.6,12.2
Viet Nam,VNM,"Mortality rate, under-5 (per 1,000 live births)",SH.DYN.MORT,29.8,28.6,27.4,26.5,25.7,25,24.5,24,23.6,23.3,23.1,22.8,22.6,22.4,22.2,22,21.8,21.5,21.4,21.2,21
Viet Nam,VNM,"Mortality rate, infant (per 1,000 live births)",SP.DYN.IMRT.IN,21.7,20.7,19.9,19.2,18.6,18.1,17.7,17.3,17,16.8,16.5,16.3,16.2,16,15.8,15.6,15.4,15.2,15,14.9,14.7
Viet Nam,VNM,"Mortality rate, adult, female (per 1,000 female adults)",SP.DYN.AMRT.FE,84.559,81.976,79.796,78.969,82.514,81.707,81.247,80.64,80.379,80.106,79.409,79.055,78.944,78.569,78.097,77.416,77.022,76.874,76.395,75.669,66.609
Viet Nam,VNM,"Mortality rate, adult, male (per 1,000 male adults)",SP.DYN.AMRT.MA,193.903,194.034,195.887,196.965,198.161,197.269,196.641,196.043,195.425,194.742,194.08,192.499,191.714,190.991,190.402,189.94,190.006,189.245,188.213,186.788,175.967
Viet Nam,VNM,"Current health expenditure per capita, PPP (current international $)",SH.XPD.CHEX.PP.CD,107.375613486923,134.854093134362,116.195131228637,127.721422617445,157.804286595422,168.136673327955,193.640564043264,212.053055132572,211.215031699394,226.975275751378,273.312143054933,287.841429457489,318.953561520804,298.203198534789,342.281132872247,361.439607536507,407.834094831029,457.583170691958,503.180098442379,548.604320121117,502.938679900366
Viet Nam,VNM,Current health expenditure (% of GDP),SH.XPD.CHEX.GD.ZS,4.10752726,4.80107498,3.87075853,3.94229889,4.08791971,4.31821251,4.56979847,4.62917614,4.36028337,4.48502922,5.07146072,4.97468519,5.00178242,4.41233158,4.69078779,4.71140909,4.86994743,4.99014759,5.02678823,4.97407484,4.33219814
Viet Nam,VNM,Domestic general government health expenditure (% of general government expenditure),SH.XPD.GHED.GE.ZS,9.4822588,8.20207787,8.61995983,7.16033077,8.6892519,8.66923904,8.76698685,7.93691111,8.12048721,6.85301065,8.6057291,9.1072073,9.5150404,8.16121387,9.12324142,8.49385166,9.59658623,10.09323883,10.21770763,10.19859123,8.42611885
Viet Nam,VNM,"Incidence of HIV, all (per 1,000 uninfected population)",SH.HIV.INCD.TL.P3,0.23,0.23,0.24,0.23,0.23,0.21,0.2,0.19,0.18,0.17,0.16,0.15,0.15,0.14,0.14,0.13,0.12,0.11,0.11,0.1,0.1
Viet Nam,VNM,"Immunization, DPT (% of children ages 12-23 months)",SH.IMM.IDPT,96,96,75,99,96,95,94,92,93,96,93,95,97,59,95,97,96,94,75,89,94
Viet Nam,VNM,"Incidence of HIV, ages 15-49 (per 1,000 uninfected population ages 15-49)",SH.HIV.INCD.ZS,0.41,0.41,0.41,0.4,0.39,0.36,0.34,0.31,0.3,0.28,0.27,0.26,0.25,0.23,0.23,0.22,0.21,0.2,0.2,0.18,0.17
Viet Nam,VNM,"Incidence of HIV, ages 15-24 (per 1,000 uninfected population ages 15-24)",SH.HIV.INCD.YG.P3,0.62,0.63,0.63,0.62,0.6,0.57,0.53,0.5,0.47,0.45,0.44,0.42,0.4,0.39,0.39,0.38,0.36,0.35,0.34,0.33,0.3
Viet Nam,VNM,"Immunization, HepB3 (% of one-year-old children)",SH.IMM.HEPB,..,..,..,78,94,94,93,67,87,94,88,95,97,59,95,97,96,94,75,89,94
Viet Nam,VNM,"Immunization, measles (% of children ages 12-23 months)",SH.IMM.MEAS,97,98,96,93,97,95,93,83,92,97,98,96,96,98,97,97,99,97,97,95,97
Viet Nam,VNM,"Incidence of malaria (per 1,000 population at risk)",SH.MLR.INCD.P3,3.54,3.22,2.26,1.65,0.96,0.68,0.72,0.45,0.29,0.36,0.36,0.31,0.36,0.31,0.28,0.16,0.07,0.08,0.05,0.05,0.02
Viet Nam,VNM,"Incidence of tuberculosis (per 100,000 people)",SH.TBS.INCD,296,290,284,278,272,266,260,253,246,239,231,225,218,212,205,199,193,188,182,176,171
Viet Nam,VNM,"Total alcohol consumption per capita (liters of pure alcohol, projected estimates, 15+ years of age)",SH.ALC.PCAP.LI,3.28,3.28,3.5,3.92,4.35,4.81,5.2,5.73,6.24,6.83,7.37,7.81,8.09,8.28,8.53,8.85,9.17,9.31,9.34,9.34,8.04
Viet Nam,VNM,"Total alcohol consumption per capita, female (liters of pure alcohol, projected estimates, female 15+ years of age)",SH.ALC.PCAP.FE.LI,1.29,1.29,1.37,1.55,1.72,1.91,2.07,2.29,2.5,2.75,2.98,3.16,3.28,3.35,3.45,3.59,3.71,3.77,3.78,3.78,3.21
Viet Nam,VNM,"Total alcohol consumption per capita, male (liters of pure alcohol, projected estimates, male 15+ years of age)",SH.ALC.PCAP.MA.LI,5.44,5.44,5.8,6.48,7.17,7.92,8.56,9.4,10.23,11.17,12.04,12.75,13.21,13.52,13.94,14.46,14.97,15.21,15.26,15.26,13.18
Viet Nam,VNM,"Probability of dying among adolescents ages 10-14 years (per 1,000)",SH.DYN.1014,2.2,2.2,2.1,2.1,2,2,2,1.9,1.9,1.9,1.8,1.8,1.8,1.8,1.8,1.8,1.8,1.7,1.7,1.7,1.7
Viet Nam,VNM,"Probability of dying among adolescents ages 15-19 years (per 1,000)",SH.DYN.1519,4.2,4.2,4.1,4,3.9,3.9,3.8,3.7,3.7,3.6,3.5,3.4,3.3,3.3,3.2,3.1,3.1,3,3,2.9,2.8
Viet Nam,VNM,"Probability of dying among children ages 5-9 years (per 1,000)",SH.DYN.0509,3.7,3.5,3.2,3,2.8,2.6,2.5,2.3,2.2,2.1,1.9,1.8,1.7,1.7,1.6,1.5,1.4,1.4,1.3,1.2,1.2
Viet Nam,VNM,"Probability of dying among youth ages 20-24 years (per 1,000)",SH.DYN.2024,5.2,5.1,5,4.9,4.8,4.7,4.6,4.5,4.4,4.3,4.2,4.1,4,4,3.9,3.8,3.7,3.6,3.6,3.5,3.4
Viet Nam,VNM,"Survival to age 65, male (% of cohort)",SP.DYN.TO65.MA.ZS,70.209586,70.303371,70.177243,70.127872,70.051282,70.218143,70.34098,70.461324,70.573186,70.689466,70.799688,71.026906,71.145894,71.253023,71.348261,71.423777,71.427631,71.53738,71.684768,71.880452,73.403073
Viet Nam,VNM,"Survival to age 65, female (% of cohort)",SP.DYN.TO65.FE.ZS,85.280706,85.748288,86.14842,86.341101,85.894815,86.059941,86.167077,86.29253,86.360548,86.427518,86.550024,86.62148,86.655589,86.722273,86.8085,86.921345,86.989958,87.022567,87.108092,87.229146,88.499837
Viet Nam,VNM,"Prevalence of HIV, total (% of population ages 15-49)",SH.DYN.AIDS.ZS,0.2,0.3,0.3,0.3,0.3,0.3,0.3,0.4,0.4,0.4,0.4,0.4,0.4,0.4,0.4,0.4,0.4,0.5,0.5,0.5,0.5
Viet Nam,VNM,"Prevalence of HIV, male (% ages 15-24)",SH.HIV.1524.MA.ZS,0.4,0.4,0.4,0.4,0.4,0.4,0.4,0.4,0.4,0.3,0.3,0.3,0.3,0.3,0.3,0.3,0.3,0.3,0.3,0.3,0.3
Viet Nam,VNM,"Prevalence of HIV, female (% ages 15-24)",SH.HIV.1524.FE.ZS,0.1,0.1,0.1,0.1,0.1,0.1,0.2,0.2,0.2,0.1,0.1,0.1,0.1,0.1,0.1,0.1,0.1,0.1,0.1,0.1,0.1
Viet Nam,VNM,"Compulsory education, duration (years)",SE.COM.DURS,5,5,5,5,5,9,9,9,9,9,9,9,9,9,9,10,10,10,10,10,10
Viet Nam,VNM,GDP growth (annual %),NY.GDP.MKTP.KD.ZG,6.78731640463151,6.19289331233377,6.32082099160833,6.89906349055258,7.53641060890386,7.54724772895918,6.97795481056711,7.12950448605439,5.66177120891362,5.39789754014181,6.42324482239482,6.41316889681683,5.5045447041189,5.55351081026072,6.42224312118567,6.98715430598611,6.69000892660424,6.94019037359206,7.46500685572751,7.35926270105006,2.86541320912272
Viet Nam,VNM,GDP (current US$),NY.GDP.MKTP.CD,31172518403.3162,32685198808.5549,35064105500.8344,39552513231.9169,45427854693.2554,57633255738.1992,66371664817.0436,77414425532.2452,99130304099.1274,106014659565.214,147201173196.979,172595049183.925,195590661129.249,213708811665.34,233451469642.519,239258328381.741,257096001177.982,281353605986.903,310106478394.659,334365270496.667,346615738537.796
Thailand,THA,"Life expectancy at birth, female (years)",SP.DYN.LE00.FE.IN,75.244,75.591,75.717,75.97,75.845,76.61,76.967,77.313,77.716,78.19,78.738,79.247,79.672,80.109,80.497,80.858,81.105,81.383,81.629,81.763,81.904
Thailand,THA,"Life expectancy at birth, male (years)",SP.DYN.LE00.MA.IN,67.368,67.652,68.02,68.412,68.524,69.343,69.87,70.387,70.859,71.273,71.434,71.534,71.698,72.003,72.254,72.464,72.628,72.792,72.95,72.849,72.971
Thailand,THA,"Life expectancy at birth, total (years)",SP.DYN.LE00.IN,71.205,71.52,71.775,72.101,72.1,72.894,73.341,73.779,74.221,74.669,75.012,75.302,75.59,75.96,76.279,76.563,76.769,76.989,77.19,77.197,77.331
Thailand,THA,"Mortality caused by road traffic injury (per 100,000 population)",SH.STA.TRAF.P5,39,39.3,39.2,38.8,38.9,38.9,38.7,38.9,38.9,38.7,38.3,38.2,36.3,36,32.6,32.8,32.5,35.1,32.3,32.2,..
Thailand,THA,"Mortality from CVD, cancer, diabetes or CRD between exact ages 30 and 70 (%)",SH.DYN.NCOM.ZS,18.3,17.7,18.1,17.9,17.9,17.4,17,16.3,15.8,15.2,15.1,14.7,14.2,13.9,13.9,13.9,14.1,13.9,14,14.3,14.2
Thailand,THA,"Mortality from CVD, cancer, diabetes or CRD between exact ages 30 and 70, male (%)",SH.DYN.NCOM.MA.ZS,21.3,20.9,21.3,21.2,21.2,20.4,19.9,19.3,18.8,18.2,18.3,18.1,17.6,17.3,17.4,17.5,17.8,17.7,17.8,18.4,17.4
Thailand,THA,"Mortality from CVD, cancer, diabetes or CRD between exact ages 30 and 70, female (%)",SH.DYN.NCOM.FE.ZS,15.5,14.7,15,14.7,14.8,14.6,14.2,13.6,13,12.3,12.1,11.5,11,10.6,10.6,10.5,10.5,10.2,10.3,10.5,11.1
Thailand,THA,"Mortality rate, under-5 (per 1,000 live births)",SH.DYN.MORT,21.8,20.8,19.8,18.9,18.1,17.3,16.6,15.9,15.3,14.7,14.2,13.7,13.2,12.7,12.3,11.9,11.5,11.1,10.8,10.4,10.1
Thailand,THA,"Mortality rate, infant (per 1,000 live births)",SP.DYN.IMRT.IN,18.5,17.7,16.9,16.1,15.4,14.8,14.2,13.6,13.1,12.6,12.2,11.7,11.3,11,10.6,10.3,10,9.6,9.4,9.1,8.8
Thailand,THA,"Mortality rate, adult, female (per 1,000 female adults)",SP.DYN.AMRT.FE,132.861,133.077,131.14,126.502,125.665,114.882,108.284,104.215,99.445,97.874,95.554,94.157,92.522,88.8,87.582,86.552,88.239,87.477,86.785,86.995,86.032
Thailand,THA,"Mortality rate, adult, male (per 1,000 male adults)",SP.DYN.AMRT.MA,259.459,257.058,252.472,247.634,245.45,234.177,225.52,217.709,211.033,203.518,202.63,203.449,206.381,205.49,205.515,206.049,206.446,205.996,205.18,207.606,206.267
Thailand,THA,"Current health expenditure per capita, PPP (current international $)",SH.XPD.CHEX.PP.CD,226.053621678033,230.962905034793,271.727906178773,286.175706825065,299.621550631869,321.313564797385,338.253744775406,374.292196480279,417.271091770892,433.026646176125,438.416635712583,471.989452248536,514.935772168288,525.427084250664,566.132021162177,608.321119856769,656.681703204639,677.059967108563,730.379120444958,756.757118622001,835.011548990053
Thailand,THA,Current health expenditure (% of GDP),SH.XPD.CHEX.GD.ZS,3.10125351,3.02623773,3.334723,3.24312782,3.13893151,3.15972233,3.09970832,3.19277525,3.45933938,3.61939645,3.39009809,3.56825495,3.5229404,3.45313334,3.68448091,3.8522861,3.93900609,3.85276842,3.87040329,3.78911877,4.35724688
Thailand,THA,Domestic general government health expenditure (% of general government expenditure),SH.XPD.GHED.GE.ZS,9.24875259,8.37690735,8.71551132,11.45679474,10.7134676,10.5017271,12.11568642,12.38446522,13.49731636,12.45869255,11.56414127,12.84227848,12.64099789,12.16323185,12.66222954,12.47859097,13.58028507,13.10431576,13.12356186,13.28045177,12.15377808
Thailand,THA,"Incidence of HIV, all (per 1,000 uninfected population)",SH.HIV.INCD.TL.P3,0.82,0.73,0.65,0.57,0.49,0.42,0.37,0.33,0.3,0.28,0.27,0.25,0.24,0.22,0.21,0.2,0.18,0.16,0.15,0.15,0.14
Thailand,THA,"Immunization, DPT (% of children ages 12-23 months)",SH.IMM.IDPT,97,96,96,98,98,98,98,98,99,99,99,99,99,99,99,99,99,99,97,97,97
Thailand,THA,"Incidence of HIV, ages 15-49 (per 1,000 uninfected population ages 15-49)",SH.HIV.INCD.ZS,1.2,1.1,0.98,0.87,0.78,0.68,0.61,0.55,0.51,0.48,0.46,0.44,0.41,0.4,0.39,0.36,0.33,0.31,0.29,0.28,0.27
Thailand,THA,"Incidence of HIV, ages 15-24 (per 1,000 uninfected population ages 15-24)",SH.HIV.INCD.YG.P3,1.9,1.7,1.6,1.4,1.3,1.1,1,0.95,0.89,0.85,0.83,0.81,0.77,0.74,0.73,0.68,0.63,0.59,0.56,0.54,0.52
Thailand,THA,"Immunization, HepB3 (% of one-year-old children)",SH.IMM.HEPB,95,95,95,96,96,96,96,96,98,98,98,98,98,99,99,99,99,99,97,97,97
Thailand,THA,"Immunization, measles (% of children ages 12-23 months)",SH.IMM.MEAS,94,94,94,96,96,96,96,96,98,98,98,98,98,99,99,99,99,99,96,96,96
Thailand,THA,"Incidence of malaria (per 1,000 population at risk)",SH.MLR.INCD.P3,6.57,5.26,3.65,3.03,2.15,2.38,2.4,2.61,2.23,2.28,2.5,1.9,3.56,3.14,3.09,1.31,0.9,0.55,0.38,0.3,0.23
Thailand,THA,"Incidence of tuberculosis (per 100,000 people)",SH.TBS.INCD,241,245,244,240,232,224,215,205,196,188,181,176,172,170,167,163,160,156,153,150,144
Thailand,THA,"Total alcohol consumption per capita (liters of pure alcohol, projected estimates, 15+ years of age)",SH.ALC.PCAP.LI,8.61,8.61,8.92,9.07,9.28,9.36,9.34,8.66,7.98,7.41,7.57,7.87,8.08,8.16,8.1,8.16,8.28,7.95,7.85,7.85,7.99
Thailand,THA,"Total alcohol consumption per capita, female (liters of pure alcohol, projected estimates, female 15+ years of age)",SH.ALC.PCAP.FE.LI,3.45,3.45,3.57,3.63,3.72,3.74,3.73,3.44,3.14,2.9,2.96,3.08,3.17,3.2,3.17,3.19,3.23,3.09,3.04,3.04,3.08
Thailand,THA,"Total alcohol consumption per capita, male (liters of pure alcohol, projected estimates, male 15+ years of age)",SH.ALC.PCAP.MA.LI,14.08,14.08,14.58,14.83,15.18,15.3,15.27,14.18,13.1,12.19,12.46,12.96,13.31,13.45,13.36,13.48,13.69,13.16,13.01,13.01,13.29
Thailand,THA,"Probability of dying among adolescents ages 10-14 years (per 1,000)",SH.DYN.1014,2.9,3,3.1,3.1,3.5,3,2.9,2.9,2.8,2.8,2.7,2.7,2.6,2.6,2.6,2.5,2.5,2.5,2.5,2.5,2.4
Thailand,THA,"Probability of dying among adolescents ages 15-19 years (per 1,000)",SH.DYN.1519,6.7,6.9,7.2,7.5,7.6,7.4,7.2,6.9,6.8,6.7,6.5,6.3,6.2,6.1,6.1,6.2,6.3,6.4,6.2,6,5.7
Thailand,THA,"Probability of dying among children ages 5-9 years (per 1,000)",SH.DYN.0509,3.2,3.3,3.3,3.2,3.8,3,2.9,2.8,2.7,2.5,2.4,2.3,2.2,2.1,2,2,1.9,1.8,1.8,1.7,1.7
Thailand,THA,"Probability of dying among youth ages 20-24 years (per 1,000)",SH.DYN.2024,11.7,11.4,11,10.6,10,9.3,8.7,8.1,7.8,7.5,7.3,7.1,6.9,6.8,6.8,6.8,6.9,7,7,6.9,6.9
Thailand,THA,"Survival to age 65, male (% of cohort)",SP.DYN.TO65.MA.ZS,65.55432,65.897176,66.448929,67.024632,67.157276,68.532489,69.490524,70.411726,71.218644,72.065396,72.217835,72.193109,72.050466,72.30253,72.439622,72.496795,72.531033,72.628619,72.758277,72.351186,72.517333
Thailand,THA,"Survival to age 65, female (% of cohort)",SP.DYN.TO65.FE.ZS,80.270435,80.428989,80.677073,81.217664,81.146331,82.570569,83.360448,83.928643,84.59435,84.966248,85.428615,85.760285,86.108286,86.657541,86.925718,87.158241,87.057768,87.218416,87.371464,87.259511,87.415166
Thailand,THA,"Prevalence of HIV, total (% of population ages 15-49)",SH.DYN.AIDS.ZS,2.4,2.3,2.2,2.1,2,1.9,1.9,1.8,1.8,1.7,1.6,1.6,1.6,1.5,1.5,1.4,1.4,1.3,1.3,1.2,1.2
Thailand,THA,"Prevalence of HIV, male (% ages 15-24)",SH.HIV.1524.MA.ZS,1.5,1.2,1,0.9,0.8,0.8,0.7,0.7,0.7,0.6,0.6,0.6,0.6,0.6,0.6,0.6,0.6,0.6,0.6,0.6,0.6
Thailand,THA,"Prevalence of HIV, female (% ages 15-24)",SH.HIV.1524.FE.ZS,1.2,1.1,1,0.9,0.8,0.7,0.6,0.6,0.5,0.4,0.4,0.3,0.3,0.3,0.3,0.3,0.3,0.3,0.2,0.2,0.2
Thailand,THA,"Compulsory education, duration (years)",SE.COM.DURS,9,9,9,9,9,9,9,9,9,9,9,9,9,9,9,9,9,9,9,9,9
Thailand,THA,GDP growth (annual %),NY.GDP.MKTP.KD.ZG,4.45524704335014,3.44424900968372,6.14903605210036,7.18924330340971,6.28934214285795,4.18763842884337,4.96781089246107,5.43515169050809,1.72569884866334,-0.690618232300579,7.51339053261624,0.840132083053334,7.24279620249642,2.68749556320556,0.984468863619426,3.13404724911635,3.43515771692182,4.1776810321001,4.22287028746071,2.11455779628278,-6.05003846851622
Thailand,THA,GDP (current US$),NY.GDP.MKTP.CD,126392224253.794,120296476180.402,134300904400.022,152280615245.887,172895685154.658,189318408468.595,221758296021.621,262942621455.053,291382982430.951,281710630187.319,341104766329.17,370818739623.622,397558325278.579,420333654592.547,407339040197.651,401296238228.084,413366349747.508,456356813536.764,506754208404.485,543976691793.886,500461898480.246
Timor-Leste,TLS,"Life expectancy at birth, female (years)",SP.DYN.LE00.FE.IN,59.645,60.355,61.082,61.741,62.357,62.917,63.542,64.052,64.509,64.912,65.341,65.741,66.102,66.433,66.737,67.033,67.311,67.609,67.955,68.285,68.871
Timor-Leste,TLS,"Life expectancy at birth, male (years)",SP.DYN.LE00.MA.IN,56.671,57.314,57.996,58.641,59.246,59.745,60.341,60.862,61.331,61.746,62.115,62.447,62.808,63.145,63.456,63.758,64.045,64.321,64.589,64.846,65.136
Timor-Leste,TLS,"Life expectancy at birth, total (years)",SP.DYN.LE00.IN,58.097,58.772,59.477,60.13,60.743,61.272,61.881,62.396,62.858,63.265,63.66,64.022,64.384,64.719,65.027,65.326,65.61,65.898,66.204,66.496,66.919
Timor-Leste,TLS,"Mortality caused by road traffic injury (per 100,000 population)",SH.STA.TRAF.P5,14.5,14.1,14.5,15,15.3,15.6,15.9,15.2,15.1,15.2,15.3,15.4,14.7,14.8,13,13.1,13.2,12.6,12.2,11.9,..
Timor-Leste,TLS,"Mortality from CVD, cancer, diabetes or CRD between exact ages 30 and 70 (%)",SH.DYN.NCOM.ZS,20.7,20.5,19.1,20,20.5,20.1,19.6,19.3,19.4,22.3,21.3,21.5,20.9,21.2,21.6,20.2,20.5,20,20.4,20.9,19.2
Timor-Leste,TLS,"Mortality from CVD, cancer, diabetes or CRD between exact ages 30 and 70, male (%)",SH.DYN.NCOM.MA.ZS,19.9,19.9,18.5,19.6,20.4,20.2,19.8,19.4,19.5,23.1,22.2,22.5,21.8,22.2,22.6,21.2,21.5,21,21.5,22.1,20.3
Timor-Leste,TLS,"Mortality from CVD, cancer, diabetes or CRD between exact ages 30 and 70, female (%)",SH.DYN.NCOM.FE.ZS,21.5,21.2,19.7,20.3,20.5,20,19.4,19.2,19.2,21.6,20.4,20.6,20.1,20.3,20.7,19.3,19.4,19,19.3,19.8,18.1
Timor-Leste,TLS,"Mortality rate, under-5 (per 1,000 live births)",SH.DYN.MORT,110.5,105.5,100.7,96.1,91.7,87.5,83.6,80.1,76.8,73.8,71.1,68.6,66.3,64.2,62.3,60.6,59.1,57.8,56.6,55.5,54.2
Timor-Leste,TLS,"Mortality rate, infant (per 1,000 live births)",SP.DYN.IMRT.IN,83.9,79.9,76,72.2,68.7,65.3,62.2,59.3,56.7,54.3,52.1,50,48.2,46.6,45.1,43.8,42.6,41.6,40.7,39.9,38.9
Timor-Leste,TLS,"Mortality rate, adult, female (per 1,000 female adults)",SP.DYN.AMRT.FE,260.217,252.791,245.174,238.195,231.718,226.131,219.565,214.315,209.608,205.423,201.042,196.945,193.232,189.814,186.667,183.569,180.649,177.516,173.855,170.357,162.618
Timor-Leste,TLS,"Mortality rate, adult, male (per 1,000 male adults)",SP.DYN.AMRT.MA,311.691,304.358,296.607,289.235,282.303,276.758,269.791,263.909,258.587,253.846,249.604,245.784,241.767,238.011,234.542,231.116,227.865,224.708,221.64,218.672,212.017
Timor-Leste,TLS,"Current health expenditure per capita, PPP (current international $)",SH.XPD.CHEX.PP.CD,..,..,..,38.4781800712032,58.7838529933992,75.7211384893521,82.6910590364808,85.6384888858452,116.583385886024,132.323582526289,126.53428593553,141.763961662905,166.762477010756,218.986207671594,217.407250451264,238.975313867873,235.337335893425,235.663232502379,228.005085028467,227.525172616155,445.540408487834
Timor-Leste,TLS,Current health expenditure (% of GDP),SH.XPD.CHEX.GD.ZS,..,..,..,2.84187031,4.26103544,5.28044748,6.00192022,5.64793253,6.96563959,7.30931807,6.47058821,6.86541462,6.99215221,8.5323782,7.59958553,7.69146681,6.94250727,6.80442286,6.40227413,4.99218798,7.26445007
Timor-Leste,TLS,Domestic general government health expenditure (% of general government expenditure),SH.XPD.GHED.GE.ZS,..,..,..,1.62494636,2.25405741,3.63453341,4.0001564,1.27376139,2.77694035,2.66319609,2.71049976,2.67680979,3.20640516,4.62444115,3.71855545,4.50545216,3.0717392,5.14604425,4.62115145,4.19340992,6.59020758
Timor-Leste,TLS,"Incidence of HIV, all (per 1,000 uninfected population)",SH.HIV.INCD.TL.P3,0.1,0.1,0.1,0.1,0.1,0.1,0.1,0.1,0.1,0.1,0.1,0.1,0.1,0.1,0.11,0.11,0.11,0.11,0.11,0.11,0.11
Timor-Leste,TLS,"Immunization, DPT (% of children ages 12-23 months)",SH.IMM.IDPT,..,..,54,55,57,55,63,70,79,72,72,67,83,82,77,76,79,83,83,83,83
Timor-Leste,TLS,"Incidence of HIV, ages 15-49 (per 1,000 uninfected population ages 15-49)",SH.HIV.INCD.ZS,0.14,0.15,0.17,0.17,0.17,0.17,0.18,0.18,0.18,0.18,0.19,0.19,0.19,0.19,0.21,0.21,0.2,0.2,0.2,0.2,0.19
Timor-Leste,TLS,"Incidence of HIV, ages 15-24 (per 1,000 uninfected population ages 15-24)",SH.HIV.INCD.YG.P3,0.1,0.1,0.11,0.11,0.12,0.12,0.12,0.12,0.12,0.12,0.12,0.12,0.12,0.13,0.14,0.14,0.13,0.13,0.14,0.13,0.13
Timor-Leste,TLS,"Immunization, HepB3 (% of one-year-old children)",SH.IMM.HEPB,..,..,..,..,..,..,..,..,79,72,72,67,83,82,77,76,79,83,83,83,83
Timor-Leste,TLS,"Immunization, measles (% of children ages 12-23 months)",SH.IMM.MEAS,..,..,56,55,55,48,61,63,73,70,66,62,73,70,74,70,73,77,77,75,74
Timor-Leste,TLS,"Incidence of malaria (per 1,000 population at risk)",SH.MLR.INCD.P3,158.38,158.38,126.21,78.3,267.85,172.38,178.86,121.35,138.17,100.55,93.53,29.52,6.8,1.3,0.43,0.1,0.1,0.01,0,0,0
Timor-Leste,TLS,"Incidence of tuberculosis (per 100,000 people)",SH.TBS.INCD,..,..,1140,1070,1010,952,894,837,779,723,671,621,574,530,483,437,403,384,374,373,381
Timor-Leste,TLS,"Total alcohol consumption per capita (liters of pure alcohol, projected estimates, 15+ years of age)",SH.ALC.PCAP.LI,0.55,0.55,0.53,0.5,0.47,0.31,0.18,0.055,0.073,0.13,0.3,0.48,0.6,0.58,0.52,0.47,0.46,0.47,0.4,0.4,0.17
Timor-Leste,TLS,"Total alcohol consumption per capita, female (liters of pure alcohol, projected estimates, female 15+ years of age)",SH.ALC.PCAP.FE.LI,0.2,0.2,0.19,0.18,0.17,0.11,0.064,0.02,0.026,0.046,0.11,0.18,0.22,0.21,0.19,0.17,0.17,0.17,0.15,0.15,0.062
Timor-Leste,TLS,"Total alcohol consumption per capita, male (liters of pure alcohol, projected estimates, male 15+ years of age)",SH.ALC.PCAP.MA.LI,0.88,0.88,0.86,0.81,0.75,0.51,0.28,0.089,0.12,0.21,0.48,0.77,0.97,0.94,0.84,0.77,0.74,0.76,0.65,0.65,0.27
Timor-Leste,TLS,"Probability of dying among adolescents ages 10-14 years (per 1,000)",SH.DYN.1014,6.8,6.6,6.4,6.2,6,5.8,5.6,5.4,5.3,5.1,5,4.9,4.8,4.7,4.6,4.5,4.4,4.3,4.3,4.2,4.1
Timor-Leste,TLS,"Probability of dying among adolescents ages 15-19 years (per 1,000)",SH.DYN.1519,9.1,8,7,6.1,5.5,5.1,4.8,4.7,4.7,4.9,5.3,6,7,8.3,10.2,12.2,14,15,15.4,15.4,15.2
Timor-Leste,TLS,"Probability of dying among children ages 5-9 years (per 1,000)",SH.DYN.0509,11.2,10.8,10.3,9.9,9.4,9.1,8.7,8.3,8,7.7,7.5,7.2,7,6.8,6.6,6.4,6.3,6.2,6.1,5.9,5.8
Timor-Leste,TLS,"Probability of dying among youth ages 20-24 years (per 1,000)",SH.DYN.2024,12.4,10.7,9.3,8.1,7.2,6.5,6.1,5.8,5.7,5.9,6.2,6.8,7.7,8.9,10.6,12.4,14.1,15,15.5,15.6,15.6
Timor-Leste,TLS,"Survival to age 65, male (% of cohort)",SP.DYN.TO65.MA.ZS,50.95099,51.961416,53.039039,54.068606,55.042987,55.840269,56.81804,57.663836,58.431367,59.116029,59.729807,60.283145,60.877533,61.434151,61.949633,62.456117,62.937998,63.405888,63.860526,64.300458,64.757105
Timor-Leste,TLS,"Survival to age 65, female (% of cohort)",SP.DYN.TO65.FE.ZS,57.685418,58.801515,59.952071,61.006915,61.995798,62.88268,63.890974,64.713754,65.454499,66.112785,66.808435,67.460256,68.051134,68.595026,69.097226,69.588713,70.053382,70.550513,71.128731,71.681509,72.600527
Timor-Leste,TLS,"Prevalence of HIV, total (% of population ages 15-49)",SH.DYN.AIDS.ZS,0.1,0.1,0.1,0.1,0.1,0.1,0.1,0.1,0.1,0.1,0.1,0.2,0.2,0.2,0.2,0.2,0.2,0.2,0.2,0.2,0.2
Timor-Leste,TLS,"Prevalence of HIV, male (% ages 15-24)",SH.HIV.1524.MA.ZS,0.1,0.1,0.1,0.1,0.1,0.1,0.1,0.1,0.1,0.1,0.1,0.1,0.1,0.1,0.1,0.1,0.1,0.1,0.1,0.1,0.1
Timor-Leste,TLS,"Prevalence of HIV, female (% ages 15-24)",SH.HIV.1524.FE.ZS,0.1,0.1,0.1,0.1,0.1,0.1,0.1,0.1,0.1,0.1,0.1,0.1,0.1,0.1,0.1,0.1,0.1,0.1,0.1,0.1,0.1
Timor-Leste,TLS,"Compulsory education, duration (years)",SE.COM.DURS,6,6,6,6,6,6,6,6,9,9,9,9,9,9,9,9,9,9,9,9,9
Timor-Leste,TLS,GDP growth (annual %),NY.GDP.MKTP.KD.ZG,58.078100510636,16.3476915812463,-6.7006946888999,-2.18226723759027,0.400000000000006,2.9845905125044,-4.11609279328982,10.2653784307473,11.3948084309167,10.146951414355,9.33149806305823,5.95855501570803,4.86062134121768,3.10436980963603,4.47249922937381,2.48003785368208,3.00993358093274,-3.18241515376397,-0.466502371512661,24.2128789232326,31.7257429812373
Timor-Leste,TLS,GDP (current US$),NY.GDP.MKTP.CD,366924276.517996,477359252.614385,469455490.775238,490439116.183565,440771962.234046,462267954.030558,453792414.597114,542795446.507391,648523571.342018,726937835.848612,881909347.096515,1042534597.52614,1160555039.5788,1395727420.71268,1447535182.8616,1590282371.46446,1640464612.08088,1584878439.93596,1555988614.43594,2032550389.41316,2162619240.86927
,,,,,,,,,,,,,,,,,,,,,,,,
,,,,,,,,,,,,,,,,,,,,,,,,
,,,,,,,,,,,,,,,,,,,,,,,,
Data from database: World Development Indicators,,,,,,,,,,,,,,,,,,,,,,,,
Last Updated: 02/24/2026,,,,,,,,,,,,,,,,,,,,,,,,
